Trainer_PK,Horse_PK,Horse_Name,Horse_BY,Trainer_Num,Trainer_Name,Trainer_Div
70114,33142,파티파워,2013,15,박희철,서울 경마장
70179,36488,샴로커,2013,40,송문길,서울 경마장
70114,38052,서울탱크,2014,15,박희철,서울 경마장
70244,39982,슈퍼삭스,2015,34,리카디,서울 경마장
70225,37040,마스크,2015,21,문병기,서울 경마장
70148,39791,문학치프,2015,10,정호익,서울 경마장
70115,39891,짱콩,2015,54,박천서,서울 경마장
70181,39909,모르피스,2015,42,이관호,서울 경마장
70096,37212,제주의흑선,2015,12,서범석,서울 경마장
70148,37703,강토마,2015,10,정호익,서울 경마장
70198,37599,제왕의별,2015,35,임채덕,서울 경마장
70149,40017,위너골드,2015,5,우창구,서울 경마장
70182,38463,위너이즈웰,2016,25,전승규,서울 경마장
70170,38628,흑전사,2016,52,김동균,서울 경마장
70146,41662,센스쟁이,2016,22,안병기,서울 경마장
70163,38539,만석지기,2016,27,박병일,서울 경마장
70181,38457,금아애크미,2016,42,이관호,서울 경마장
70110,38756,논스톱위닝,2016,23,유재길,서울 경마장
70148,41689,다크플레이어,2016,10,정호익,서울 경마장
70152,41598,왕벚꽃,2016,16,최봉주,서울 경마장
70166,38511,심장의고동,2016,37,심승태,서울 경마장
70225,41733,조우니가,2016,21,문병기,서울 경마장
70149,38851,금로열,2016,5,우창구,서울 경마장
70144,38894,원더풀루비,2016,29,배휴준,서울 경마장
70182,38599,허쉬대보,2016,25,전승규,서울 경마장
70103,38640,위너브라운,2016,32,김윤섭,서울 경마장
70244,38781,최강파티,2016,34,리카디,서울 경마장
70244,41600,갤럽컬린,2016,34,리카디,서울 경마장
70175,41659,우리,2016,31,강환민,서울 경마장
70181,38949,레이먼드,2016,42,이관호,서울 경마장
70096,39005,스트롱벌처,2016,12,서범석,서울 경마장
70152,39308,제주의요정,2016,16,최봉주,서울 경마장
70199,38680,메니스피드,2016,11,조현수,서울 경마장
70152,41667,돌격앞으로,2016,16,최봉주,서울 경마장
70148,41745,글로벌캡틴,2016,10,정호익,서울 경마장
70149,39263,원더케이,2016,5,우창구,서울 경마장
70144,41723,싱싱메리,2016,29,배휴준,서울 경마장
70167,41796,더스파이커,2016,14,이신영,서울 경마장
70265,41653,액티몬,2016,30,토니,서울 경마장
70163,39463,대마지풍,2016,27,박병일,서울 경마장
70145,39498,정문사이,2016,6,홍대유,서울 경마장
70161,39554,피렌체힐,2016,41,신삼영,서울 경마장
70265,39094,님의향기,2016,30,토니,서울 경마장
70091,39422,백색광채,2016,20,배대선,서울 경마장
70149,39577,사이먼퀸,2016,5,우창구,서울 경마장
70096,39565,일마레,2016,12,서범석,서울 경마장
70160,41754,아르폰스,2016,24,서홍수,서울 경마장
70096,43383,브리가디어제너럴,2016,12,서범석,서울 경마장
70182,40258,킹에이스,2017,25,전승규,서울 경마장
70085,40327,글로벌선,2017,28,최상식,서울 경마장
70168,43604,골든서비스,2017,8,최용구,서울 경마장
70163,43482,문학보스,2017,27,박병일,서울 경마장
70175,43593,클린업샤인,2017,31,강환민,서울 경마장
70225,41857,퍼스트드림,2017,21,문병기,서울 경마장
70179,41646,라피도아레스,2017,40,송문길,서울 경마장
70085,43589,글로벌럭키,2017,28,최상식,서울 경마장
70164,41641,화이트퀸,2017,50,박재우,서울 경마장
70177,40269,페더럴킹,2017,53,김동철,서울 경마장
70200,41915,별나라신사,2017,51,최용건,서울 경마장
70110,40582,해피나이스,2017,23,유재길,서울 경마장
70163,41898,금자유,2017,27,박병일,서울 경마장
70177,43602,블루키톤,2017,53,김동철,서울 경마장
70117,41928,이스트반,2017,4,박윤규,서울 경마장
70170,40517,메니히어로,2017,52,김동균,서울 경마장
70197,40633,흥행질주,2017,48,이준철,서울 경마장
70146,40482,황금해,2017,22,안병기,서울 경마장
70053,40272,컴플리트캡틴,2017,13,이희영,서울 경마장
70096,40505,디터미네이션,2017,12,서범석,서울 경마장
70197,40530,연희일출,2017,48,이준철,서울 경마장
70199,40571,시선집중,2017,11,조현수,서울 경마장
70198,40261,원더풀캣,2017,35,임채덕,서울 경마장
70167,43550,록의제왕,2017,14,이신영,서울 경마장
70150,41512,피어나다,2017,2,손영표,서울 경마장
70164,41500,장수나봄,2017,50,박재우,서울 경마장
70053,41892,엘리트라인,2017,13,이희영,서울 경마장
70265,40701,청담탱크,2017,30,토니,서울 경마장
70177,40849,교룡득수,2017,53,김동철,서울 경마장
70182,40454,티케파이어,2017,25,전승규,서울 경마장
70244,40602,조이브라더,2017,34,리카디,서울 경마장
70160,41644,블루참,2017,24,서홍수,서울 경마장
70160,40551,원퍼트,2017,24,서홍수,서울 경마장
70095,40560,라온퍼스트,2017,1,박종곤,서울 경마장
70053,40566,고업,2017,13,이희영,서울 경마장
70164,40349,클린업해피,2017,50,박재우,서울 경마장
70152,40696,부스터로켓,2017,16,최봉주,서울 경마장
70094,40452,캡틴브라보,2017,19,곽영효,서울 경마장
70095,40558,라온탑맨,2017,1,박종곤,서울 경마장
70145,40627,그레이스퀸,2017,6,홍대유,서울 경마장
70149,41607,위너블루,2017,5,우창구,서울 경마장
70161,40621,봄날의기억,2017,41,신삼영,서울 경마장
70170,40681,천지여걸,2017,52,김동균,서울 경마장
70146,40797,초인강자,2017,22,안병기,서울 경마장
70149,40628,화씨벽,2017,5,우창구,서울 경마장
70175,40921,슈퍼엑톤,2017,31,강환민,서울 경마장
70182,43521,춘산,2017,25,전승규,서울 경마장
70174,43495,글로벌삭스,2017,9,강성오,서울 경마장
70265,41900,더검푸,2017,30,토니,서울 경마장
70182,40511,송암티즈,2017,25,전승규,서울 경마장
70200,41867,스프링킹,2017,51,최용건,서울 경마장
70244,41889,에코빌,2017,34,리카디,서울 경마장
70225,43590,프리맥스,2017,21,문병기,서울 경마장
70265,43436,장산몬스터,2017,30,토니,서울 경마장
70225,41061,바디스타,2017,21,문병기,서울 경마장
70096,43576,큐피드미션,2017,12,서범석,서울 경마장
70177,41069,스타러시,2017,53,김동철,서울 경마장
70163,40738,검포,2017,27,박병일,서울 경마장
70166,40622,럭셔리캡틴,2017,37,심승태,서울 경마장
70225,43510,황금럭키,2017,21,문병기,서울 경마장
70174,43515,옥룡,2017,9,강성오,서울 경마장
70174,43514,히든삭스,2017,9,강성오,서울 경마장
70175,43526,수리수리마,2017,31,강환민,서울 경마장
70148,41018,알찬누리,2017,10,정호익,서울 경마장
70225,41041,만세,2017,21,문병기,서울 경마장
70168,43453,스피돔,2017,8,최용구,서울 경마장
70165,40909,이스트제트,2017,33,서인석,서울 경마장
70181,41391,전정사금,2017,42,이관호,서울 경마장
70098,40946,록라인,2017,3,최영주,서울 경마장
70164,43486,문학킹,2017,50,박재우,서울 경마장
70165,43468,선포레,2017,33,서인석,서울 경마장
70174,43516,로열태리,2017,9,강성오,서울 경마장
70181,40914,챌린지삭스,2017,42,이관호,서울 경마장
70085,41091,글로벌골드,2017,28,최상식,서울 경마장
70179,43608,어마어마,2017,40,송문길,서울 경마장
70265,41376,성실머니,2017,30,토니,서울 경마장
70114,43585,정상킹덤,2017,15,박희철,서울 경마장
70163,41249,리얼팩,2017,27,박병일,서울 경마장
70146,40901,메니챔프,2017,22,안병기,서울 경마장
70117,43568,행복왕자,2017,4,박윤규,서울 경마장
70114,40998,스페셜스토리,2017,15,박희철,서울 경마장
70168,43513,로열엘비스,2017,8,최용구,서울 경마장
70145,41218,정문볼트,2017,6,홍대유,서울 경마장
70096,41268,큐피드비상,2017,12,서범석,서울 경마장
70085,41251,베스트럭키,2017,28,최상식,서울 경마장
70096,43556,로드반,2017,12,서범석,서울 경마장
70163,41273,은혜충만,2017,27,박병일,서울 경마장
70179,40842,어메이징위즈,2017,40,송문길,서울 경마장
70170,41261,하이퍼카,2017,52,김동균,서울 경마장
70163,41300,드림패션,2017,27,박병일,서울 경마장
70096,41177,선파이팅,2017,12,서범석,서울 경마장
70167,43574,아이언삭스,2017,14,이신영,서울 경마장
70148,41851,소울메리트,2017,10,정호익,서울 경마장
70108,43356,파크윈,2017,26,안해양,서울 경마장
70149,41216,티즈블랙,2017,5,우창구,서울 경마장
70152,43489,마하걸,2017,16,최봉주,서울 경마장
70117,41496,광양으뜸,2017,4,박윤규,서울 경마장
70164,41346,야호골든캣,2017,50,박재우,서울 경마장
70053,41501,베스트탑,2017,13,이희영,서울 경마장
70096,41253,에이피파텍,2017,12,서범석,서울 경마장
70095,41304,라온패션,2017,1,박종곤,서울 경마장
70181,41356,에이스함성,2017,42,이관호,서울 경마장
70110,43466,더트서퍼,2017,23,유재길,서울 경마장
70110,41395,경부도령,2017,23,유재길,서울 경마장
70108,41476,레이디켈리,2017,26,안해양,서울 경마장
70091,41258,다이아키,2017,20,배대선,서울 경마장
70168,43452,돌아온뽀빠이,2017,8,최용구,서울 경마장
70179,41169,온리위너,2017,40,송문길,서울 경마장
70165,41149,열린문,2017,33,서인석,서울 경마장
70148,41045,땡큐대천,2017,10,정호익,서울 경마장
70149,41467,운외창천,2017,5,우창구,서울 경마장
70181,44940,로열함성,2017,42,이관호,서울 경마장
70160,44938,마이티뉴,2017,24,서홍수,서울 경마장
70161,44942,큐피드베이브,2017,41,신삼영,서울 경마장
70181,42293,빅에너지,2018,42,이관호,서울 경마장
70152,45110,별나라질주,2018,16,최봉주,서울 경마장
70095,42221,라온비트,2018,1,박종곤,서울 경마장
70244,42354,벌말대장,2018,34,리카디,서울 경마장
70265,44929,남산주몽,2018,30,토니,서울 경마장
70167,42332,스카이망치,2018,14,이신영,서울 경마장
70179,43429,제다이,2018,40,송문길,서울 경마장
70198,42282,플라잉풀문,2018,35,임채덕,서울 경마장
70152,43184,챔피언가문,2018,16,최봉주,서울 경마장
70150,45457,제이에스군황,2018,2,손영표,서울 경마장
70108,42477,구억마알,2018,26,안해양,서울 경마장
70117,44742,베링맨,2018,4,박윤규,서울 경마장
70168,45045,발베니,2018,8,최용구,서울 경마장
70095,42251,라온더타이거,2018,1,박종곤,서울 경마장
70157,43427,대지의여걸,2018,7,구자흥,서울 경마장
70094,43207,콜조이,2018,19,곽영효,서울 경마장
70182,42254,최강게임,2018,25,전승규,서울 경마장
70096,42261,원더풀하와이,2018,12,서범석,서울 경마장
70170,44969,레전드데이,2018,52,김동균,서울 경마장
70149,45115,몬스터케이,2018,5,우창구,서울 경마장
70085,42292,카우보이탱고,2018,28,최상식,서울 경마장
70199,42399,퀸오브베스트,2018,11,조현수,서울 경마장
70244,42258,최강블랙,2018,34,리카디,서울 경마장
70175,42413,장산가드,2018,31,강환민,서울 경마장
70167,42285,바이킹하트,2018,14,이신영,서울 경마장
70148,42309,영웅대마,2018,10,정호익,서울 경마장
70053,42369,엘리트룰즈,2018,13,이희영,서울 경마장
70199,45656,도깨비,2018,11,조현수,서울 경마장
70165,42446,빅레드,2018,33,서인석,서울 경마장
70197,44754,흥록대부,2018,48,이준철,서울 경마장
70150,42440,파워돌풍,2018,2,손영표,서울 경마장
70198,42321,투에이스,2018,35,임채덕,서울 경마장
70199,42453,모던타임즈,2018,11,조현수,서울 경마장
70095,42250,라온샹젤리,2018,1,박종곤,서울 경마장
70182,42245,아스펜로스,2018,25,전승규,서울 경마장
70198,42278,쿨프린세스,2018,35,임채덕,서울 경마장
70164,42533,그랜드스타,2018,50,박재우,서울 경마장
70144,43193,데스크탑,2018,29,배휴준,서울 경마장
70152,42283,블루카이저,2018,16,최봉주,서울 경마장
70175,42410,바잉블레이드,2018,31,강환민,서울 경마장
70160,43170,깡돌이,2018,24,서홍수,서울 경마장
70152,42805,파이팅대디,2018,16,최봉주,서울 경마장
70117,42651,케이프렌지,2018,4,박윤규,서울 경마장
70164,42386,옥스퍼드킹,2018,50,박재우,서울 경마장
70170,45455,볼트맨,2018,52,김동균,서울 경마장
70108,43311,바다의꿈,2018,26,안해양,서울 경마장
70114,42638,아침함성,2018,15,박희철,서울 경마장
70098,42621,골드카이저,2018,3,최영주,서울 경마장
70182,43248,미스양호,2018,25,전승규,서울 경마장
70165,42601,매직주니어,2018,33,서인석,서울 경마장
70225,42498,원더풀조이,2018,21,문병기,서울 경마장
70164,42542,영광의미소,2018,50,박재우,서울 경마장
70167,43220,스위트주스바,2018,14,이신영,서울 경마장
70265,42409,스타블레이드,2018,30,토니,서울 경마장
70165,45658,티즈에너지,2018,33,서인석,서울 경마장
70148,42738,터프맨,2018,10,정호익,서울 경마장
70167,42662,델피니,2018,14,이신영,서울 경마장
70177,42419,태양타고,2018,53,김동철,서울 경마장
70096,42448,런런런,2018,12,서범석,서울 경마장
70225,42531,베스트타임,2018,21,문병기,서울 경마장
70146,43201,로열로드,2018,22,안병기,서울 경마장
70175,44750,장산클리어,2018,31,강환민,서울 경마장
70161,42418,루미너스퀸,2018,41,신삼영,서울 경마장
70164,42497,이스트임팩트,2018,50,박재우,서울 경마장
70181,42376,불화산,2018,42,이관호,서울 경마장
70174,42706,나의나라,2018,9,강성오,서울 경마장
70114,42746,원더풀샘,2018,15,박희철,서울 경마장
70095,42461,라온핑크,2018,1,박종곤,서울 경마장
70174,42577,블랙루키,2018,9,강성오,서울 경마장
70165,46505,노던타임,2018,33,서인석,서울 경마장
70149,45116,선더타임,2018,5,우창구,서울 경마장
70146,42549,선더호스,2018,22,안병기,서울 경마장
70091,42722,머니가락,2018,20,배대선,서울 경마장
70160,44917,마이티지,2018,24,서홍수,서울 경마장
70175,43282,해피삭스,2018,31,강환민,서울 경마장
70170,42452,스팟플래터,2018,52,김동균,서울 경마장
70160,44918,마이티킥,2018,24,서홍수,서울 경마장
70170,45453,블랙머스크,2018,52,김동균,서울 경마장
70166,42297,나인아이,2018,37,심승태,서울 경마장
70181,42739,서브에이스,2018,42,이관호,서울 경마장
70179,43398,블랙참,2018,40,송문길,서울 경마장
70160,44916,마이티칩,2018,24,서홍수,서울 경마장
70149,43315,코브라볼,2018,5,우창구,서울 경마장
70096,42159,라피어반,2018,12,서범석,서울 경마장
70182,43410,화이트참,2018,25,전승규,서울 경마장
70103,42748,룰즈클래스,2018,32,김윤섭,서울 경마장
70094,42535,머니스톤,2018,19,곽영효,서울 경마장
70161,43416,논스톱기상,2018,41,신삼영,서울 경마장
70150,42658,사랑다모아,2018,2,손영표,서울 경마장
70244,45659,남산러브,2018,34,리카디,서울 경마장
70148,42825,흥드림,2018,10,정호익,서울 경마장
70103,42893,고고스타,2018,32,김윤섭,서울 경마장
70108,43314,더퀸저스티스,2018,26,안해양,서울 경마장
70108,42450,폭스파워,2018,26,안해양,서울 경마장
70167,42423,아침기상,2018,14,이신영,서울 경마장
70165,42561,옐로우캣,2018,33,서인석,서울 경마장
70117,42861,럭키클럽,2018,4,박윤규,서울 경마장
70174,42675,킹심바,2018,9,강성오,서울 경마장
70145,42881,배다리캔디,2018,6,홍대유,서울 경마장
70053,42876,런던퀸,2018,13,이희영,서울 경마장
70152,43403,케이엔라이트,2018,16,최봉주,서울 경마장
70161,42131,좋은관계,2018,41,신삼영,서울 경마장
70165,45671,라이오넷,2018,33,서인석,서울 경마장
70085,43137,록파이터,2018,28,최상식,서울 경마장
70148,42784,하이하이,2018,10,정호익,서울 경마장
70197,45449,와일들리로맨틱,2018,48,이준철,서울 경마장
70144,43124,클라우터,2018,29,배휴준,서울 경마장
70198,42791,플라잉카라,2018,35,임채덕,서울 경마장
70152,43340,케이엔포스트,2018,16,최봉주,서울 경마장
70174,45655,최고레이스,2018,9,강성오,서울 경마장
70146,42703,찬란한날,2018,22,안병기,서울 경마장
70146,42443,울트라킹,2018,22,안병기,서울 경마장
70160,42554,원더풀데블,2018,24,서홍수,서울 경마장
70164,42916,치프인디,2018,50,박재우,서울 경마장
70167,42772,비바소모,2018,14,이신영,서울 경마장
70157,42799,그린폭주,2018,7,구자흥,서울 경마장
70163,43400,금세다,2018,27,박병일,서울 경마장
70166,42595,소베라니아,2018,37,심승태,서울 경마장
70146,45121,스프링꿈,2018,22,안병기,서울 경마장
70085,42939,거센돌풍,2018,28,최상식,서울 경마장
70096,42819,카지노스타,2018,12,서범석,서울 경마장
70098,42802,김천영웅,2018,3,최영주,서울 경마장
70164,42961,최강퀸,2018,50,박재우,서울 경마장
70200,44749,장산미사일,2018,51,최용건,서울 경마장
70144,42943,세명나래,2018,29,배휴준,서울 경마장
70170,42487,천둥세자,2018,52,김동균,서울 경마장
70085,43109,글로벌영웅,2018,28,최상식,서울 경마장
70168,43097,회두령,2018,8,최용구,서울 경마장
70157,42702,정문최강,2018,7,구자흥,서울 경마장
70182,45126,럭키훈,2018,25,전승규,서울 경마장
70179,45130,스피디루키,2018,40,송문길,서울 경마장
70150,43313,엑톤질주,2018,2,손영표,서울 경마장
70114,43070,젤로스,2018,15,박희철,서울 경마장
70182,43021,명진데이,2018,25,전승규,서울 경마장
70091,42867,옥동공주,2018,20,배대선,서울 경마장
70198,46250,스파이스타워,2018,35,임채덕,서울 경마장
70091,43125,농본바다,2018,20,배대선,서울 경마장
70174,42960,일격필살,2018,9,강성오,서울 경마장
70095,42645,라온더파이터,2018,1,박종곤,서울 경마장
70197,42942,흥바라기,2018,48,이준철,서울 경마장
70157,42564,그린필스타,2018,7,구자흥,서울 경마장
70114,43053,마에스트로,2018,15,박희철,서울 경마장
70175,44926,빅야크,2018,31,강환민,서울 경마장
70182,43031,볼드어게인,2018,25,전승규,서울 경마장
70175,44751,최강블레이드,2018,31,강환민,서울 경마장
70149,45118,러블리케이,2018,5,우창구,서울 경마장
70199,42134,원더풀우먼,2018,11,조현수,서울 경마장
70174,43082,온포인트,2018,9,강성오,서울 경마장
70244,43105,트로팅라일리,2018,34,리카디,서울 경마장
70165,46253,디스챌린지,2018,33,서인석,서울 경마장
70103,43107,어디가나,2018,32,김윤섭,서울 경마장
70157,43088,대산특급,2018,7,구자흥,서울 경마장
70177,42821,대한질주,2018,53,김동철,서울 경마장
70091,43351,원더풀케이,2018,20,배대선,서울 경마장
70110,43417,별빛보석,2018,23,유재길,서울 경마장
70096,43164,논스톱캣,2018,12,서범석,서울 경마장
70085,43100,글로벌스톰,2018,28,최상식,서울 경마장
70200,46258,그레이트선더,2018,51,최용건,서울 경마장
70225,42023,퀸즈투어,2018,21,문병기,서울 경마장
70177,43407,럭셔리킹,2018,53,김동철,서울 경마장
70110,42004,빛나는질주,2018,23,유재길,서울 경마장
70091,46251,오섬스프링스,2018,20,배대선,서울 경마장
70149,45117,알렉산더원,2018,5,우창구,서울 경마장
70095,43123,탑퀄리티,2018,1,박종곤,서울 경마장
70085,44920,글로벌신화,2018,28,최상식,서울 경마장
70170,45450,빅터문,2018,52,김동균,서울 경마장
70117,42114,동진최강,2018,4,박윤규,서울 경마장
70115,42826,베스트천상,2018,54,박천서,서울 경마장
70160,45657,마이티웰,2018,24,서홍수,서울 경마장
70117,43168,브이퀸,2018,4,박윤규,서울 경마장
70160,45131,마이티후,2018,24,서홍수,서울 경마장
70244,42947,남산시대,2018,34,리카디,서울 경마장
70157,45654,그린질주,2018,7,구자흥,서울 경마장
70166,42055,스타크레이지,2018,37,심승태,서울 경마장
70199,42063,드림맥스,2018,11,조현수,서울 경마장
70096,42974,원더풀타이쿤,2018,12,서범석,서울 경마장
70181,43138,청산강호,2018,42,이관호,서울 경마장
70108,43312,드림여왕,2018,26,안해양,서울 경마장
70114,43007,대세만세,2018,15,박희철,서울 경마장
70152,45112,별나라비마,2018,16,최봉주,서울 경마장
70225,42046,엠제이베스트,2018,21,문병기,서울 경마장
70200,42917,장산레이저,2018,51,최용건,서울 경마장
70200,43010,케이엔언더킹,2018,51,최용건,서울 경마장
70117,43111,걸작맨,2018,4,박윤규,서울 경마장
70165,42957,천마비상,2018,33,서인석,서울 경마장
70165,42212,바람과함께,2018,33,서인석,서울 경마장
70181,43008,이무기,2018,42,이관호,서울 경마장
70098,42143,질주본,2018,3,최영주,서울 경마장
70170,41986,대완구,2018,52,김동균,서울 경마장
70179,42021,마이윈,2018,40,송문길,서울 경마장
70161,45692,더드림캐리어,2018,41,신삼영,서울 경마장
70148,43659,승부사,2019,10,정호익,서울 경마장
70177,43662,로드에이스,2019,53,김동철,서울 경마장
70174,45100,텐배거,2019,9,강성오,서울 경마장
70144,43692,럭키크라운,2019,29,배휴준,서울 경마장
70148,43657,원평스카이,2019,10,정호익,서울 경마장
70200,44348,실버스타,2019,51,최용건,서울 경마장
70170,43667,메니원더풀,2019,52,김동균,서울 경마장
70174,43772,강서돌풍,2019,9,강성오,서울 경마장
70166,43739,그랜드파워,2019,37,심승태,서울 경마장
70200,43674,골든펄,2019,51,최용건,서울 경마장
70197,43685,참좋은친구,2019,48,이준철,서울 경마장
70168,43776,은혜레코드,2019,8,최용구,서울 경마장
70117,43778,멋진기록,2019,4,박윤규,서울 경마장
70265,43796,더리퍼,2019,30,토니,서울 경마장
70182,43658,아스펜태양,2019,25,전승규,서울 경마장
70179,45162,와우와우,2019,40,송문길,서울 경마장
70094,43699,한강돌풍,2019,19,곽영효,서울 경마장
70177,43663,에코존,2019,53,김동철,서울 경마장
70157,44732,고마나루,2019,7,구자흥,서울 경마장
70165,43475,매직러시,2019,33,서인석,서울 경마장
70114,43755,함평파이터,2019,15,박희철,서울 경마장
70179,43756,퍼플케이,2019,40,송문길,서울 경마장
70150,45093,미르파워,2019,2,손영표,서울 경마장
70085,43682,바람살,2019,28,최상식,서울 경마장
70165,43693,벤칼프린세스,2019,33,서인석,서울 경마장
70174,43836,최고포인트,2019,9,강성오,서울 경마장
70157,43786,스프링워터,2019,7,구자흥,서울 경마장
70170,43738,트로트퀸,2019,52,김동균,서울 경마장
70182,43803,어나더레벨,2019,25,전승규,서울 경마장
70150,43736,천지의빛,2019,2,손영표,서울 경마장
70244,43844,메니골드,2019,34,리카디,서울 경마장
70160,43711,블랙버미,2019,24,서홍수,서울 경마장
70098,44730,삼바존,2019,3,최영주,서울 경마장
70148,44326,터프가이,2019,10,정호익,서울 경마장
70166,43944,퍼스트슈,2019,37,심승태,서울 경마장
70168,43743,송암누리,2019,8,최용구,서울 경마장
70152,43806,장군별,2019,16,최봉주,서울 경마장
70150,45094,클레어파워,2019,2,손영표,서울 경마장
70179,45159,제이피닉스,2019,40,송문길,서울 경마장
70103,44910,용천지상,2019,32,김윤섭,서울 경마장
70182,43799,케이엔티즈원,2019,25,전승규,서울 경마장
70168,44065,카우보이킹,2019,8,최용구,서울 경마장
70174,43960,히든브레인,2019,9,강성오,서울 경마장
70174,43840,남산무적,2019,9,강성오,서울 경마장
70146,43765,갈색향기,2019,22,안병기,서울 경마장
70182,43727,테스고대보,2019,25,전승규,서울 경마장
70145,45036,행복여왕,2019,6,홍대유,서울 경마장
70197,43879,너를응원해,2019,48,이준철,서울 경마장
70175,43888,원더풀섀도우,2019,31,강환민,서울 경마장
70164,44046,파인팜,2019,50,박재우,서울 경마장
70091,43829,우주의봄,2019,20,배대선,서울 경마장
70094,44555,옥천최강,2019,19,곽영효,서울 경마장
70164,43991,골드파워,2019,50,박재우,서울 경마장
70175,46520,국제공항,2019,31,강환민,서울 경마장
70157,43812,매직모카신,2019,7,구자흥,서울 경마장
70148,44698,두손판타스틱,2019,10,정호익,서울 경마장
70179,43918,클레어베스트,2019,40,송문길,서울 경마장
70150,43957,트레비트,2019,2,손영표,서울 경마장
70174,44028,톱클래스,2019,9,강성오,서울 경마장
70161,45073,희망워리어,2019,41,신삼영,서울 경마장
70164,43681,유쾌한날들,2019,50,박재우,서울 경마장
70165,43933,아라챔프,2019,33,서인석,서울 경마장
70095,43978,라온더스퍼트,2019,1,박종곤,서울 경마장
70165,46592,호크프린스,2019,33,서인석,서울 경마장
70166,43807,빅비트,2019,37,심승태,서울 경마장
70181,43941,톱포지션,2019,42,이관호,서울 경마장
70181,44796,와일드러너,2019,42,이관호,서울 경마장
70181,44059,허니펀치,2019,42,이관호,서울 경마장
70148,44143,원평가속,2019,10,정호익,서울 경마장
70094,46436,콩코드스퍼트,2019,19,곽영효,서울 경마장
70108,44689,런보이런,2019,26,안해양,서울 경마장
70244,43725,남산호랑이,2019,34,리카디,서울 경마장
70161,44128,알사이먼,2019,41,신삼영,서울 경마장
70094,44048,한강히어로,2019,19,곽영효,서울 경마장
70166,44650,감곡선샤인,2019,37,심승태,서울 경마장
70094,43985,한강매직,2019,19,곽영효,서울 경마장
70168,44132,예술이야,2019,8,최용구,서울 경마장
70197,44091,카미노,2019,48,이준철,서울 경마장
70168,44133,퍼지데이,2019,8,최용구,서울 경마장
70053,44137,컴플리트밸류,2019,13,이희영,서울 경마장
70114,44015,웰빙챔피언,2019,15,박희철,서울 경마장
70161,44134,유로강자,2019,41,신삼영,서울 경마장
70152,44115,천송이,2019,16,최봉주,서울 경마장
70148,43872,리버태양,2019,10,정호익,서울 경마장
70145,44100,새내파워풀,2019,6,홍대유,서울 경마장
70177,44142,올가림,2019,53,김동철,서울 경마장
70144,44004,런던스카이,2019,29,배휴준,서울 경마장
70177,45098,머스탱참,2019,53,김동철,서울 경마장
70168,50223,위대한군주,2019,8,최용구,서울 경마장
70085,43713,글로벌보배,2019,28,최상식,서울 경마장
70160,44074,마이티앤,2019,24,서홍수,서울 경마장
70244,44694,금아시크,2019,34,리카디,서울 경마장
70177,50160,러피언이글,2019,53,김동철,서울 경마장
70157,43920,정문파파고,2019,7,구자흥,서울 경마장
70160,45101,콰이어트참,2019,24,서홍수,서울 경마장
70146,44105,스탠바이미,2019,22,안병기,서울 경마장
70085,43703,돌배,2019,28,최상식,서울 경마장
70175,44453,레전드삭스,2019,31,강환민,서울 경마장
70197,43955,오래함께하자,2019,48,이준철,서울 경마장
70098,44111,러너몬스터,2019,3,최영주,서울 경마장
70110,44149,헤이마마,2019,23,유재길,서울 경마장
70198,43834,마이티선샤인,2019,35,임채덕,서울 경마장
70160,44261,리월마,2019,24,서홍수,서울 경마장
70174,43869,퀴클리런,2019,9,강성오,서울 경마장
70085,43708,글로벌프라임,2019,28,최상식,서울 경마장
70096,44162,큐피드웨이,2019,12,서범석,서울 경마장
70096,43916,원더풀데퓨티,2019,12,서범석,서울 경마장
70094,43712,용암보스,2019,19,곽영효,서울 경마장
70175,43999,데블케이,2019,31,강환민,서울 경마장
70163,44637,포에버칸,2019,27,박병일,서울 경마장
70103,43845,세인트루카,2019,32,김윤섭,서울 경마장
70244,44510,드림스피드,2019,34,리카디,서울 경마장
70117,44802,걸작드림,2019,4,박윤규,서울 경마장
70098,44728,희망오름,2019,3,최영주,서울 경마장
70161,44497,올포유어드림,2019,41,신삼영,서울 경마장
70053,44200,컴플리트룰러,2019,13,이희영,서울 경마장
70198,43704,불의꽃,2019,35,임채덕,서울 경마장
70182,43908,천둥오름,2019,25,전승규,서울 경마장
70167,44442,사려니퍼스트,2019,14,이신영,서울 경마장
70163,43992,해피믹스,2019,27,박병일,서울 경마장
70163,44232,은혜드림,2019,27,박병일,서울 경마장
70110,43950,큐피드보우,2019,23,유재길,서울 경마장
70164,44033,베스트전사,2019,50,박재우,서울 경마장
70091,43897,빛의대륙,2019,20,배대선,서울 경마장
70095,43977,라온더위켄드,2019,1,박종곤,서울 경마장
70150,45672,퍼펙트타임,2019,2,손영표,서울 경마장
70091,44454,투게더웨이,2019,20,배대선,서울 경마장
70165,43477,매직그레이스,2019,33,서인석,서울 경마장
70165,46593,탭다운,2019,33,서인석,서울 경마장
70167,44601,유레카,2019,14,이신영,서울 경마장
70144,44554,테스조이,2019,29,배휴준,서울 경마장
70175,44022,송암아치걸,2019,31,강환민,서울 경마장
70181,44527,포에버드림,2019,42,이관호,서울 경마장
70175,44126,패스트트랙,2019,31,강환민,서울 경마장
70164,44386,위대한한마,2019,50,박재우,서울 경마장
70094,44049,메니에이스,2019,19,곽영효,서울 경마장
70146,44009,야무진왕초,2019,22,안병기,서울 경마장
70146,43870,콩코드퀸,2019,22,안병기,서울 경마장
70103,43769,탄산,2019,32,김윤섭,서울 경마장
70244,44513,미라클도터,2019,34,리카디,서울 경마장
70144,44259,천리총,2019,29,배휴준,서울 경마장
70157,44811,원더풀룰즈,2019,7,구자흥,서울 경마장
70181,44797,콩코드스파크,2019,42,이관호,서울 경마장
70225,44507,선더플래시,2019,21,문병기,서울 경마장
70200,44154,캠프세이버,2019,51,최용건,서울 경마장
70091,44499,골든럭키,2019,20,배대선,서울 경마장
70244,44556,희망가득,2019,34,리카디,서울 경마장
70117,46513,천지광풍,2019,4,박윤규,서울 경마장
70091,44502,신한특송,2019,20,배대선,서울 경마장
70145,44803,베스트플랜,2019,6,홍대유,서울 경마장
70146,44108,네모프린세스,2019,22,안병기,서울 경마장
70175,43921,스마트블루,2019,31,강환민,서울 경마장
70181,44287,와일드삭스,2019,42,이관호,서울 경마장
70094,43899,한강챔프,2019,19,곽영효,서울 경마장
70198,44029,로즈골드,2019,35,임채덕,서울 경마장
70103,43904,우뚝,2019,32,김윤섭,서울 경마장
70091,44315,원더풀퍼지,2019,20,배대선,서울 경마장
70145,44267,챈슬러,2019,6,홍대유,서울 경마장
70200,44324,디자이어투윈,2019,51,최용건,서울 경마장
70085,44308,쏘아라미미,2019,28,최상식,서울 경마장
70160,43851,마이티굿,2019,24,서홍수,서울 경마장
70170,44035,베스트팔콘,2019,52,김동균,서울 경마장
70166,44675,펀크레이지,2019,37,심승태,서울 경마장
70152,44516,쌍옥루,2019,16,최봉주,서울 경마장
70103,44327,드림케이,2019,32,김윤섭,서울 경마장
70170,44187,슈팅리버스,2019,52,김동균,서울 경마장
70177,44515,대박스타,2019,53,김동철,서울 경마장
70108,44685,그레이토르,2019,26,안해양,서울 경마장
70265,43864,아마존킹,2019,30,토니,서울 경마장
70108,45088,더블에지,2019,26,안해양,서울 경마장
70199,44334,나올에이스,2019,11,조현수,서울 경마장
70168,44233,은혜,2019,8,최용구,서울 경마장
70098,44464,거문,2019,3,최영주,서울 경마장
70225,44812,원더풀스위트,2019,21,문병기,서울 경마장
70167,43924,타이탄삭스,2019,14,이신영,서울 경마장
70053,45107,큐피드점보,2019,13,이희영,서울 경마장
70148,43843,터프여제,2019,10,정호익,서울 경마장
70096,44531,채플프린세스,2019,12,서범석,서울 경마장
70110,44645,원평퀸,2019,23,유재길,서울 경마장
70199,44272,스마트별,2019,11,조현수,서울 경마장
70152,44290,코스모,2019,16,최봉주,서울 경마장
70179,44067,월드레이서,2019,40,송문길,서울 경마장
70244,44821,대사리,2019,34,리카디,서울 경마장
70095,44204,라온더펄,2019,1,박종곤,서울 경마장
70149,44092,빅스고,2019,5,우창구,서울 경마장
70164,46509,야무진재수,2019,50,박재우,서울 경마장
70148,44362,원평광야,2019,10,정호익,서울 경마장
70152,44003,국대클래스,2019,16,최봉주,서울 경마장
70108,44381,벼락,2019,26,안해양,서울 경마장
70115,44041,라로마네,2019,54,박천서,서울 경마장
70094,44473,한강보스,2019,19,곽영효,서울 경마장
70200,44303,희망챔프,2019,51,최용건,서울 경마장
70144,44392,천은총,2019,29,배휴준,서울 경마장
70053,44553,컴플리트타임,2019,13,이희영,서울 경마장
70150,44546,금성환희,2019,2,손영표,서울 경마장
70103,44552,금성맨,2019,32,김윤섭,서울 경마장
70110,45158,월드참,2019,23,유재길,서울 경마장
70115,44544,베스트토치,2019,54,박천서,서울 경마장
70117,44487,킹아너,2019,4,박윤규,서울 경마장
70167,44475,플라잉아테나,2019,14,이신영,서울 경마장
70108,45027,가나패션,2019,26,안해양,서울 경마장
70175,44706,머스탱파워,2019,31,강환민,서울 경마장
70096,44532,네버네버스톱,2019,12,서범석,서울 경마장
70094,44383,햇무리,2019,19,곽영효,서울 경마장
70110,44292,원평버드,2019,23,유재길,서울 경마장
70174,44472,플라잉골드,2019,9,강성오,서울 경마장
70168,44017,송암레전드,2019,8,최용구,서울 경마장
70053,44213,별빛마루,2019,13,이희영,서울 경마장
70095,44205,라온더제트,2019,1,박종곤,서울 경마장
70091,44198,빛의카,2019,20,배대선,서울 경마장
70175,44522,컴플리트럭키,2019,31,강환민,서울 경마장
70114,44466,정상제트,2019,15,박희철,서울 경마장
70160,44835,마이티렘,2019,24,서홍수,서울 경마장
70160,45070,행복한버미,2019,24,서홍수,서울 경마장
70146,44505,익스펙트,2019,22,안병기,서울 경마장
70108,45086,지스타,2019,26,안해양,서울 경마장
70174,44317,최고블랙,2019,9,강성오,서울 경마장
70115,44470,피엔에스아이,2019,54,박천서,서울 경마장
70144,44225,런던명가,2019,29,배휴준,서울 경마장
70110,44622,스피어퀸,2019,23,유재길,서울 경마장
70148,44526,원평코드,2019,10,정호익,서울 경마장
70110,44623,스피어골드,2019,23,유재길,서울 경마장
70165,44813,원더풀키티,2019,33,서인석,서울 경마장
70085,44465,글로벌매직,2019,28,최상식,서울 경마장
70163,46587,문학태핏,2019,27,박병일,서울 경마장
70053,44731,특급대로,2019,13,이희영,서울 경마장
70152,44636,케이엔스케치,2019,16,최봉주,서울 경마장
70165,44814,티즈바로우즈,2019,33,서인석,서울 경마장
70174,44569,마루마,2019,9,강성오,서울 경마장
70091,44355,보스베이비,2019,20,배대선,서울 경마장
70175,44218,정상파이팅,2019,31,강환민,서울 경마장
70182,44625,이글포인트,2019,25,전승규,서울 경마장
70145,44177,킹스아이,2019,6,홍대유,서울 경마장
70145,44817,새로운빛깔,2019,6,홍대유,서울 경마장
70115,44842,정우시네마,2019,54,박천서,서울 경마장
70094,44400,한강의기상,2019,19,곽영효,서울 경마장
70244,44853,비제이스톰,2019,34,리카디,서울 경마장
70181,44380,엔비전사,2019,42,이관호,서울 경마장
70094,44358,라스트펀치,2019,19,곽영효,서울 경마장
70146,44378,테이크머니,2019,22,안병기,서울 경마장
70157,44539,다나은로즈,2019,7,구자흥,서울 경마장
70200,44800,디바인퓨처즈,2019,51,최용건,서울 경마장
70115,44899,대륜함성,2019,54,박천서,서울 경마장
70053,44409,동트자웨이,2019,13,이희영,서울 경마장
70165,44357,건곤일척,2019,33,서인석,서울 경마장
70164,44829,용호지마,2019,50,박재우,서울 경마장
70168,44404,아치신,2019,8,최용구,서울 경마장
70148,46584,문학스톰,2019,10,정호익,서울 경마장
70163,44478,탱자,2019,27,박병일,서울 경마장
70168,44251,은혜가문,2019,8,최용구,서울 경마장
70177,44176,브라운,2019,53,김동철,서울 경마장
70095,44519,라온더아리아,2019,1,박종곤,서울 경마장
70170,44621,메니스피어,2019,52,김동균,서울 경마장
70053,44679,비트업,2019,13,이희영,서울 경마장
70114,44684,은파마운틴,2019,15,박희철,서울 경마장
70166,44846,아치메모리,2019,37,심승태,서울 경마장
70182,44703,화랑투데이,2019,25,전승규,서울 경마장
70199,44618,휘파람,2019,11,조현수,서울 경마장
70098,44591,뉴청파,2019,3,최영주,서울 경마장
70175,44648,히든블레이드,2019,31,강환민,서울 경마장
70174,44488,터치나인,2019,9,강성오,서울 경마장
70095,44624,라온더골드,2019,1,박종곤,서울 경마장
70179,45186,플라잉라이트,2020,40,송문길,서울 경마장
70163,46607,테스타블루,2020,27,박병일,서울 경마장
70244,45183,지모션,2020,34,리카디,서울 경마장
70177,46603,아가판서스,2020,53,김동철,서울 경마장
70174,45480,우주전쟁,2020,9,강성오,서울 경마장
70198,45219,원더풀위싱,2020,35,임채덕,서울 경마장
70108,45466,플랜비,2020,26,안해양,서울 경마장
70145,45249,스마티글로리,2020,6,홍대유,서울 경마장
70098,45177,너트플레이,2020,3,최영주,서울 경마장
70148,45247,스마티파이터,2020,10,정호익,서울 경마장
70148,45234,슈프림스타,2020,10,정호익,서울 경마장
70165,45224,펄포인트,2020,33,서인석,서울 경마장
70108,45194,나노메타,2020,26,안해양,서울 경마장
70160,45229,새내타운,2020,24,서홍수,서울 경마장
70174,47048,하얀태양,2020,9,강성오,서울 경마장
70199,45202,슛업스파크,2020,11,조현수,서울 경마장
70145,45187,강력한지금,2020,6,홍대유,서울 경마장
70175,45232,사바나찰리,2020,31,강환민,서울 경마장
70160,52001,마이티룩,2020,24,서홍수,서울 경마장
70179,51143,주얼리패션,2020,40,송문길,서울 경마장
70144,50020,천운챗,2020,29,배휴준,서울 경마장
70164,50538,파이어걸,2020,50,박재우,서울 경마장
70117,45274,걸작투어,2020,4,박윤규,서울 경마장
70199,45257,나올시대,2020,11,조현수,서울 경마장
70096,45241,리드더웨이,2020,12,서범석,서울 경마장
70174,45464,왈가닥,2020,9,강성오,서울 경마장
70098,45323,울프플레이,2020,3,최영주,서울 경마장
70145,45336,새내퀸,2020,6,홍대유,서울 경마장
70095,45199,라온자이언트,2020,1,박종곤,서울 경마장
70145,45285,선더브라보,2020,6,홍대유,서울 경마장
70095,45200,라온더코브라,2020,1,박종곤,서울 경마장
70161,45315,아르고공주,2020,41,신삼영,서울 경마장
70110,52416,컬트트리플,2020,23,유재길,서울 경마장
70094,45347,한강에이스,2020,19,곽영효,서울 경마장
70167,46616,고스트참,2020,14,이신영,서울 경마장
70179,45205,엠제이대로,2020,40,송문길,서울 경마장
70144,45994,런던에이스,2020,29,배휴준,서울 경마장
70095,45197,라온더하이맨,2020,1,박종곤,서울 경마장
70198,45193,캐츠우먼,2020,35,임채덕,서울 경마장
70149,45333,히트파워,2020,5,우창구,서울 경마장
70161,45349,엘리트로열,2020,41,신삼영,서울 경마장
70096,45240,슈어윈,2020,12,서범석,서울 경마장
70095,45195,라온시티걸,2020,1,박종곤,서울 경마장
70085,45266,글로벌강타,2020,28,최상식,서울 경마장
70181,45203,제로백포,2020,42,이관호,서울 경마장
70164,45179,씽씽씽,2020,50,박재우,서울 경마장
70175,45350,크레이지러브,2020,31,강환민,서울 경마장
70175,46261,주몽천하,2020,31,강환민,서울 경마장
70091,46297,레전드케이,2020,20,배대선,서울 경마장
70165,45344,아라모아,2020,33,서인석,서울 경마장
70197,45474,흥행캡틴,2020,48,이준철,서울 경마장
70244,45395,몬스터파워,2020,34,리카디,서울 경마장
70117,45256,멋진강호,2020,4,박윤규,서울 경마장
70197,46118,카리즈마,2020,48,이준철,서울 경마장
70200,45279,플라이데이,2020,51,최용건,서울 경마장
70174,45508,대왕삭스,2020,9,강성오,서울 경마장
70161,45593,아름다운사이,2020,41,신삼영,서울 경마장
70161,45351,큐피드워리어,2020,41,신삼영,서울 경마장
70199,52417,힐링헤이븐,2020,11,조현수,서울 경마장
70144,45479,천존챗,2020,29,배휴준,서울 경마장
70095,45198,라온더퀄리티,2020,1,박종곤,서울 경마장
70117,45288,파토스,2020,4,박윤규,서울 경마장
70197,46008,리치게이트,2020,48,이준철,서울 경마장
70165,45223,모닝프린스,2020,33,서인석,서울 경마장
70179,45482,자이언트펀치,2020,40,송문길,서울 경마장
70098,46071,블루아치,2020,3,최영주,서울 경마장
70167,46260,영영삭스,2020,14,이신영,서울 경마장
70265,45525,헌터블레이드,2020,30,토니,서울 경마장
70177,46619,캔디글로우,2020,53,김동철,서울 경마장
70115,51583,브라운퀸,2020,54,박천서,서울 경마장
70164,50788,미스찰리,2020,50,박재우,서울 경마장
70148,51987,두손챔프,2020,10,정호익,서울 경마장
70053,45368,베스트클론,2020,13,이희영,서울 경마장
70157,45366,이다나은,2020,7,구자흥,서울 경마장
70225,45207,세븐블레이드,2020,21,문병기,서울 경마장
70179,45522,꿈의순간,2020,40,송문길,서울 경마장
70160,45334,배다리왕자,2020,24,서홍수,서울 경마장
70165,45303,원평킬라,2020,33,서인석,서울 경마장
70200,45559,스포블레이드,2020,51,최용건,서울 경마장
70085,45251,글로벌진격,2020,28,최상식,서울 경마장
70197,45516,금아파이어리,2020,48,이준철,서울 경마장
70167,45382,킹다이아,2020,14,이신영,서울 경마장
70117,46329,하얀왕자,2020,4,박윤규,서울 경마장
70157,45365,베스트레이디,2020,7,구자흥,서울 경마장
70170,46117,메니샤크,2020,52,김동균,서울 경마장
70152,46324,차일드후드,2020,16,최봉주,서울 경마장
70174,45264,바덴바덴,2020,9,강성오,서울 경마장
70160,46609,에브리참,2020,24,서홍수,서울 경마장
70117,45227,검은질주,2020,4,박윤규,서울 경마장
70167,45571,내길의퀸,2020,14,이신영,서울 경마장
70165,46245,행운바람,2020,33,서인석,서울 경마장
70179,46294,새벽불빛,2020,40,송문길,서울 경마장
70179,45733,하이그랜드,2020,40,송문길,서울 경마장
70181,46326,샤인온미,2020,42,이관호,서울 경마장
70085,45391,선더블루,2020,28,최상식,서울 경마장
70115,46463,대륜태양,2020,54,박천서,서울 경마장
70149,45546,퍼스트유저,2020,5,우창구,서울 경마장
70103,45392,매직케이,2020,32,김윤섭,서울 경마장
70168,45410,큐피드시크,2020,8,최용구,서울 경마장
70085,45553,선더갤러퍼,2020,28,최상식,서울 경마장
70197,45424,투어퀸,2020,48,이준철,서울 경마장
70144,45380,히어로퀸,2020,29,배휴준,서울 경마장
70168,46361,메이드스타,2020,8,최용구,서울 경마장
70157,1412362,골든플라잉,2020,7,구자흥,서울 경마장
70197,45702,피지블레이드,2020,48,이준철,서울 경마장
70161,45607,광치기,2020,41,신삼영,서울 경마장
70115,45369,베스트선,2020,54,박천서,서울 경마장
70164,45515,유쾌한사랑,2020,50,박재우,서울 경마장
70110,45313,하트시그널,2020,23,유재길,서울 경마장
70161,46290,퍼플윙크,2020,41,신삼영,서울 경마장
70197,46473,황금꽃,2020,48,이준철,서울 경마장
70175,46259,신의여인,2020,31,강환민,서울 경마장
70152,45434,천마챗,2020,16,최봉주,서울 경마장
70108,45354,레드태풍,2020,26,안해양,서울 경마장
70098,45430,피엔에스별,2020,3,최영주,서울 경마장
70053,45603,논스톱선더,2020,13,이희영,서울 경마장
70182,52033,파워빅토리,2020,25,전승규,서울 경마장
70115,45370,도리포,2020,54,박천서,서울 경마장
70165,45225,빅스마트,2020,33,서인석,서울 경마장
70182,46104,최강현마,2020,25,전승규,서울 경마장
70108,45719,달금,2020,26,안해양,서울 경마장
70165,45433,드래곤스타,2020,33,서인석,서울 경마장
70145,45725,대왕순간이,2020,6,홍대유,서울 경마장
70098,45295,월드플레이,2020,3,최영주,서울 경마장
70053,45537,컴플리트레벨,2020,13,이희영,서울 경마장
70160,52003,로터스미르,2020,24,서홍수,서울 경마장
70146,45275,찬란한폭풍,2020,22,안병기,서울 경마장
70091,46300,원더풀폭스,2020,20,배대선,서울 경마장
70096,45242,문더스트,2020,12,서범석,서울 경마장
70182,45397,파이어파워,2020,25,전승규,서울 경마장
70096,50284,러브카우걸,2020,12,서범석,서울 경마장
70157,46119,예지몽,2020,7,구자흥,서울 경마장
70117,45291,시크릿왕자,2020,4,박윤규,서울 경마장
70177,45418,시크릿플레이,2020,53,김동철,서울 경마장
70164,45442,쾌향,2020,50,박재우,서울 경마장
70197,45527,도끼불패,2020,48,이준철,서울 경마장
70145,45727,에이원스타,2020,6,홍대유,서울 경마장
70167,45469,갤럭시삭스,2020,14,이신영,서울 경마장
70182,46012,테마탄생,2020,25,전승규,서울 경마장
70157,45497,위너드래건,2020,7,구자흥,서울 경마장
70168,50406,맬리스퀸,2020,8,최용구,서울 경마장
70244,45731,제이모션,2020,34,리카디,서울 경마장
70170,45284,배다리쾌검,2020,52,김동균,서울 경마장
70146,45612,세상앞으로,2020,22,안병기,서울 경마장
70198,45431,당찬낭보,2020,35,임채덕,서울 경마장
70175,45621,벨비티,2020,31,강환민,서울 경마장
70177,45294,해피플레이,2020,53,김동철,서울 경마장
70085,45531,글로벌축배,2020,28,최상식,서울 경마장
70095,46086,라온포레스트,2020,1,박종곤,서울 경마장
70244,45261,화이트다이아,2020,34,리카디,서울 경마장
70095,45708,라온더찰리,2020,1,박종곤,서울 경마장
70181,45622,파워풀삭스,2020,42,이관호,서울 경마장
70094,45610,파이널질주,2020,19,곽영효,서울 경마장
70199,45561,브라이트러닝,2020,11,조현수,서울 경마장
70165,45704,정성바이스,2020,33,서인석,서울 경마장
70244,45566,자이언트인디,2020,34,리카디,서울 경마장
70166,45495,파인데이,2020,37,심승태,서울 경마장
70244,45239,해운대갈매기,2020,34,리카디,서울 경마장
70200,45243,울트라갤럭시,2020,51,최용건,서울 경마장
70115,45768,마의웨이,2020,54,박천서,서울 경마장
70144,45432,딘시챔프,2020,29,배휴준,서울 경마장
70225,45419,성실인동,2020,21,문병기,서울 경마장
70096,45589,검이불루,2020,12,서범석,서울 경마장
70098,52553,다온디,2020,3,최영주,서울 경마장
70094,51585,어카운트,2020,19,곽영효,서울 경마장
70160,46600,메니참,2020,24,서홍수,서울 경마장
70166,45494,오스틴리더,2020,37,심승태,서울 경마장
70117,45289,퍼플신화,2020,4,박윤규,서울 경마장
70163,45637,오키드밸리,2020,27,박병일,서울 경마장
70150,45625,그랜드대로,2020,2,손영표,서울 경마장
70164,46532,백두보이,2020,50,박재우,서울 경마장
70200,46321,할슈타트,2020,51,최용건,서울 경마장
70146,50040,파르키우스,2020,22,안병기,서울 경마장
70177,45769,강풍마,2020,53,김동철,서울 경마장
70167,46525,청계기상,2020,14,이신영,서울 경마장
70091,46015,글로리케이,2020,20,배대선,서울 경마장
70115,45398,해제여걸,2020,54,박천서,서울 경마장
70199,45587,질풍재즈,2020,11,조현수,서울 경마장
70148,46090,스마트태양,2020,10,정호익,서울 경마장
70200,46266,스탈렛,2020,51,최용건,서울 경마장
70177,46601,스트롱참,2020,53,김동철,서울 경마장
70144,45776,세명레이디,2020,29,배휴준,서울 경마장
70149,45358,럭키바운스,2020,5,우창구,서울 경마장
70117,50746,강자의빛,2020,4,박윤규,서울 경마장
70149,45626,점순이고,2020,5,우창구,서울 경마장
70265,45771,네버어게인,2020,30,토니,서울 경마장
70115,51481,당대스카이,2020,54,박천서,서울 경마장
70149,46293,동행퍼스트,2020,5,우창구,서울 경마장
70166,45734,파워에치드,2020,37,심승태,서울 경마장
70181,45614,포에이스,2020,42,이관호,서울 경마장
70115,46044,베스트선샤인,2020,54,박천서,서울 경마장
70199,45774,메니윈,2020,11,조현수,서울 경마장
70174,46547,라파예트,2020,9,강성오,서울 경마장
70200,45533,퍼펙트건맨,2020,51,최용건,서울 경마장
70117,45512,걸작선,2020,4,박윤규,서울 경마장
70174,46349,질주왕,2020,9,강성오,서울 경마장
70197,46474,기쁨환호,2020,48,이준철,서울 경마장
70170,45556,제축일호,2020,52,김동균,서울 경마장
70182,46267,당찬대보,2020,25,전승규,서울 경마장
70200,46541,아르고무적,2020,51,최용건,서울 경마장
70148,45744,퀸톱,2020,10,정호익,서울 경마장
70146,45650,쓸모,2020,22,안병기,서울 경마장
70225,45624,그랜드실버,2020,21,문병기,서울 경마장
70168,46360,브라보한센,2020,8,최용구,서울 경마장
70199,46375,나올루니,2020,11,조현수,서울 경마장
70168,46268,블랙건,2020,8,최용구,서울 경마장
70175,45555,컴플리트리더,2020,31,강환민,서울 경마장
70170,45701,다산명품,2020,52,김동균,서울 경마장
70166,46068,이에이치코코,2020,37,심승태,서울 경마장
70165,45799,은파챔피언,2020,33,서인석,서울 경마장
70197,46099,나올스나이퍼,2020,48,이준철,서울 경마장
70115,45820,칠산대교,2020,54,박천서,서울 경마장
70108,45728,마구마,2020,26,안해양,서울 경마장
70199,45819,브라이트위너,2020,11,조현수,서울 경마장
70175,45853,메타블레이드,2020,31,강환민,서울 경마장
70161,45371,금빛천하,2020,41,신삼영,서울 경마장
70163,46010,록임팩트,2020,27,박병일,서울 경마장
70177,46614,스틸플레이,2020,53,김동철,서울 경마장
70181,46323,밴프,2020,42,이관호,서울 경마장
70198,45835,드림스카이,2020,35,임채덕,서울 경마장
70170,45647,티아모,2020,52,김동균,서울 경마장
70167,45648,사려니티케,2020,14,이신영,서울 경마장
70149,45534,서울태양,2020,5,우창구,서울 경마장
70108,45545,무장,2020,26,안해양,서울 경마장
70091,45791,바로챔피언,2020,20,배대선,서울 경마장
70148,50789,문학송,2020,10,정호익,서울 경마장
70166,45970,제이와이코코,2020,37,심승태,서울 경마장
70085,45425,글로벌찬가,2020,28,최상식,서울 경마장
70149,45535,금전사,2020,5,우창구,서울 경마장
70085,46016,대흥클래스,2020,28,최상식,서울 경마장
70170,45359,그로우,2020,52,김동균,서울 경마장
70053,45803,컴플리트포스,2020,13,이희영,서울 경마장
70166,45627,그랜드군황,2020,37,심승태,서울 경마장
70095,45709,라온에어포스,2020,1,박종곤,서울 경마장
70095,45707,라온홀리데이,2020,1,박종곤,서울 경마장
70115,45850,은성노을,2020,54,박천서,서울 경마장
70177,45870,큐피드챔프,2020,53,김동철,서울 경마장
70098,45764,행복한문막,2020,3,최영주,서울 경마장
70170,45874,하이본미,2020,52,김동균,서울 경마장
70146,46021,크리솔스마일,2020,22,안병기,서울 경마장
70150,45730,제이에스파티,2020,2,손영표,서울 경마장
70091,46039,머니장군,2020,20,배대선,서울 경마장
70161,45779,대륜시대,2020,41,신삼영,서울 경마장
70199,45582,질풍오름,2020,11,조현수,서울 경마장
70098,45822,투혼기상,2020,3,최영주,서울 경마장
70181,45615,거센챔프,2020,42,이관호,서울 경마장
70175,45718,버터케이,2020,31,강환민,서울 경마장
70085,45635,글로벌파워,2020,28,최상식,서울 경마장
70110,45894,미스윈스타,2020,23,유재길,서울 경마장
70165,45841,리걸하이,2020,33,서인석,서울 경마장
70146,46114,스텔스박,2020,22,안병기,서울 경마장
70198,50107,스위트플레이,2020,35,임채덕,서울 경마장
70145,50787,미스샤프,2020,6,홍대유,서울 경마장
70160,46043,낭주여걸,2020,24,서홍수,서울 경마장
70163,45847,피닉스클래스,2020,27,박병일,서울 경마장
70117,45852,굿카보,2020,4,박윤규,서울 경마장
70149,45838,스타케이,2020,5,우창구,서울 경마장
70108,46385,가나드림,2020,26,안해양,서울 경마장
70146,46108,신의블루,2020,22,안병기,서울 경마장
70165,46299,베아트리스,2020,33,서인석,서울 경마장
70168,45759,유니콘킹덤,2020,8,최용구,서울 경마장
70108,45793,마구,2020,26,안해양,서울 경마장
70198,46091,불의날개,2020,35,임채덕,서울 경마장
70157,45813,그린불패,2020,7,구자흥,서울 경마장
70146,45406,아치로켓,2020,22,안병기,서울 경마장
70167,45785,아인슈페너,2020,14,이신영,서울 경마장
70200,46042,아르고스마일,2020,51,최용건,서울 경마장
70225,45606,성실롱런,2020,21,문병기,서울 경마장
70177,45802,바람의향기,2020,53,김동철,서울 경마장
70198,46523,우승탑,2020,35,임채덕,서울 경마장
70163,46605,승리공주,2020,27,박병일,서울 경마장
70174,46539,컴플리트스텝,2020,9,강성오,서울 경마장
70161,45889,네모스피릿,2020,41,신삼영,서울 경마장
70200,45856,장산스포,2020,51,최용건,서울 경마장
70144,46596,천권챗,2020,29,배휴준,서울 경마장
70152,45811,케이엔골든킹,2020,16,최봉주,서울 경마장
70144,45739,히어로파크,2020,29,배휴준,서울 경마장
70167,46242,파워풀비전,2020,14,이신영,서울 경마장
70198,50005,민트플레이,2020,35,임채덕,서울 경마장
70179,45915,타우루스퀸,2020,40,송문길,서울 경마장
70094,46187,월드패션,2020,19,곽영효,서울 경마장
70152,46379,시킹더키튼,2020,16,최봉주,서울 경마장
70146,45913,아깽이,2020,22,안병기,서울 경마장
70177,45996,샤우트쿠로,2020,53,김동철,서울 경마장
70094,45814,한강지존,2020,19,곽영효,서울 경마장
70053,46004,카메로투,2020,13,이희영,서울 경마장
70150,45746,미르포인트,2020,2,손영표,서울 경마장
70177,45896,승리의영혼,2020,53,김동철,서울 경마장
70095,46111,메티스선더,2020,1,박종곤,서울 경마장
70145,45503,원평축제,2020,6,홍대유,서울 경마장
70149,45737,위너제린,2020,5,우창구,서울 경마장
70149,45876,마에스트라,2020,5,우창구,서울 경마장
70095,45786,라온점프,2020,1,박종곤,서울 경마장
70175,45924,정상럭키,2020,31,강환민,서울 경마장
70175,45405,스위치송,2020,31,강환민,서울 경마장
70108,45713,히어로최강,2020,26,안해양,서울 경마장
70197,45897,다시태어나도,2020,48,이준철,서울 경마장
70164,46011,열정아르고,2020,50,박재우,서울 경마장
70114,45821,투아레그나인,2020,15,박희철,서울 경마장
70164,45921,아르고리치,2020,50,박재우,서울 경마장
70094,45886,나올천지,2020,19,곽영효,서울 경마장
70098,45568,한강파워,2020,3,최영주,서울 경마장
70199,46227,피엔에스심슨,2020,11,조현수,서울 경마장
70181,46188,금빛마,2020,42,이관호,서울 경마장
70144,45906,매디슨마운틴,2020,29,배휴준,서울 경마장
70117,46536,월드킹맨,2020,4,박윤규,서울 경마장
70170,45885,네모프린스,2020,52,김동균,서울 경마장
70165,46557,상임대표,2020,33,서인석,서울 경마장
70115,45404,정우포에버,2020,54,박천서,서울 경마장
70110,46620,총알커널,2020,23,유재길,서울 경마장
70148,45765,매직아워,2020,10,정호익,서울 경마장
70181,45763,금아얼루어,2020,42,이관호,서울 경마장
70168,46045,선드래곤,2020,8,최용구,서울 경마장
70177,46618,테스타루비,2020,53,김동철,서울 경마장
70177,45955,스트렝스,2020,53,김동철,서울 경마장
70150,45971,금성탈환,2020,2,손영표,서울 경마장
70095,46465,라온더포인트,2020,1,박종곤,서울 경마장
70165,45972,금성리비어,2020,33,서인석,서울 경마장
70157,46135,그린프로텍터,2020,7,구자흥,서울 경마장
70199,45578,질풍선더,2020,11,조현수,서울 경마장
70098,45884,굿사이먼,2020,3,최영주,서울 경마장
70149,45726,위너영,2020,5,우창구,서울 경마장
70115,52120,샤프선샤인,2020,54,박천서,서울 경마장
70170,46207,태평무,2020,52,김동균,서울 경마장
70170,45783,슈퍼피니시,2020,52,김동균,서울 경마장
70197,46123,밀리언파티,2020,48,이준철,서울 경마장
70199,45900,나올대왕,2020,11,조현수,서울 경마장
70170,51588,비에스에너지,2020,52,김동균,서울 경마장
70108,47375,럭키선,2020,26,안해양,서울 경마장
70181,45956,라스트피치,2020,42,이관호,서울 경마장
70197,45914,나올인디,2020,48,이준철,서울 경마장
70167,45721,체크포인트,2020,14,이신영,서울 경마장
70244,45717,원더풀슬루,2020,34,리카디,서울 경마장
70144,45905,클로버파티,2020,29,배휴준,서울 경마장
70170,46151,원평킹덤,2020,52,김동균,서울 경마장
70149,46137,골드마이티,2020,5,우창구,서울 경마장
70117,45576,아이스크림,2020,4,박윤규,서울 경마장
70225,45987,에이스티아라,2020,21,문병기,서울 경마장
70265,45877,지르콘,2020,30,토니,서울 경마장
70098,45959,한강차르,2020,3,최영주,서울 경마장
70103,46127,달맞이,2020,32,김윤섭,서울 경마장
70199,46387,은빛돌풍,2020,11,조현수,서울 경마장
70145,46388,섬싱로스트,2020,6,홍대유,서울 경마장
70114,51834,호명에이스,2020,15,박희철,서울 경마장
70108,45908,히어로사랑,2020,26,안해양,서울 경마장
70149,45949,장비무지개,2020,5,우창구,서울 경마장
70146,45890,당당한선택,2020,22,안병기,서울 경마장
70095,45788,라온아메리칸,2020,1,박종곤,서울 경마장
70115,46461,탐라최강자,2020,54,박천서,서울 경마장
70181,45967,디바인평화,2020,42,이관호,서울 경마장
70182,46158,불곰마드레,2020,25,전승규,서울 경마장
70108,46163,단디,2020,26,안해양,서울 경마장
70168,45415,케이빅토리,2020,8,최용구,서울 경마장
70085,46152,쏘아라투투,2020,28,최상식,서울 경마장
70175,45722,폴인러브,2020,31,강환민,서울 경마장
70179,46529,업타운위즈,2020,40,송문길,서울 경마장
70197,45826,원더풀위크,2020,48,이준철,서울 경마장
70103,45998,매글데이,2020,32,김윤섭,서울 경마장
70179,45973,우루스퀸,2020,40,송문길,서울 경마장
70146,45903,미스터퀄리티,2020,22,안병기,서울 경마장
70160,46390,검의전설,2020,24,서홍수,서울 경마장
70110,45919,강철여걸,2020,23,유재길,서울 경마장
70094,46144,한강질주,2020,19,곽영효,서울 경마장
70200,46273,제우시대,2020,51,최용건,서울 경마장
70145,46406,문학이든,2020,6,홍대유,서울 경마장
70181,46156,비트러너,2020,42,이관호,서울 경마장
70164,46405,문학센트럴,2020,50,박재우,서울 경마장
70181,46382,서울을날다,2020,42,이관호,서울 경마장
70149,45953,한강스카이,2020,5,우창구,서울 경마장
70164,46173,강서브이,2020,50,박재우,서울 경마장
70148,50790,문학어플리트,2020,10,정호익,서울 경마장
70144,46189,늘가을,2020,29,배휴준,서울 경마장
70152,46162,장흥클래스,2020,16,최봉주,서울 경마장
70091,46345,클럽디,2020,20,배대선,서울 경마장
70167,46221,스마트삭스,2020,14,이신영,서울 경마장
70167,45920,헤이큐피드,2020,14,이신영,서울 경마장
70053,46270,컴플리트엔젤,2020,13,이희영,서울 경마장
70161,45989,빛나는금성,2020,41,신삼영,서울 경마장
70161,46538,레이싱퀸,2020,41,신삼영,서울 경마장
70170,45887,페더럴프레스,2020,52,김동균,서울 경마장
70117,45829,원더풀티지,2020,4,박윤규,서울 경마장
70149,46555,플라잉제스트,2020,5,우창구,서울 경마장
70244,46545,금아스테디,2020,34,리카디,서울 경마장
70163,46551,피닉스서브,2020,27,박병일,서울 경마장
70225,45917,누리태양,2020,21,문병기,서울 경마장
70244,46332,블랙모션,2020,34,리카디,서울 경마장
70197,51986,악동아르고,2020,48,이준철,서울 경마장
70167,46161,그래티튜드,2020,14,이신영,서울 경마장
70177,46608,라이언파티,2020,53,김동철,서울 경마장
70170,45892,글로리앤아너,2020,52,김동균,서울 경마장
70160,51988,마이티큐,2020,24,서홍수,서울 경마장
70225,1400811,새터데이,2020,21,문병기,서울 경마장
70167,46274,맥캘란,2020,14,이신영,서울 경마장
70179,45985,하트케이,2020,40,송문길,서울 경마장
70265,45979,성실태양,2020,30,토니,서울 경마장
70160,45848,뉴포인트,2020,24,서홍수,서울 경마장
70146,46598,찬란한불꽃,2020,22,안병기,서울 경마장
70167,46192,사려니워리어,2020,14,이신영,서울 경마장
70115,46448,멸콩,2020,54,박천서,서울 경마장
70152,46597,내추럴클래스,2020,16,최봉주,서울 경마장
70152,45901,에이스퀸,2020,16,최봉주,서울 경마장
70095,46380,에이펙스,2020,1,박종곤,서울 경마장
70179,51985,메디치울프,2020,40,송문길,서울 경마장
70177,45981,드림플레이,2020,53,김동철,서울 경마장
70148,46191,마이원,2020,10,정호익,서울 경마장
70145,46348,그린비바체,2020,6,홍대유,서울 경마장
70265,46184,성실공주핑크,2020,30,토니,서울 경마장
70117,46289,올베스트,2020,4,박윤규,서울 경마장
70146,46215,아너로즈,2020,22,안병기,서울 경마장
70177,45934,비전파워,2020,53,김동철,서울 경마장
70053,46200,함평호프,2020,13,이희영,서울 경마장
70161,51935,찬이고,2020,41,신삼영,서울 경마장
70179,46157,새벽안개,2020,40,송문길,서울 경마장
70199,46372,나올탱크,2020,11,조현수,서울 경마장
70244,47376,선더프린스,2020,34,리카디,서울 경마장
70170,45936,천지스카이,2020,52,김동균,서울 경마장
70053,46201,최강나이스,2020,13,이희영,서울 경마장
70157,46334,원더풀남촌,2020,7,구자흥,서울 경마장
70174,45975,대박삭스,2020,9,강성오,서울 경마장
70199,46378,나올스카이,2020,11,조현수,서울 경마장
70146,46285,집시퀸,2020,22,안병기,서울 경마장
70168,45978,유니콘히트,2020,8,최용구,서울 경마장
70095,45983,라온엠파이어,2020,1,박종곤,서울 경마장
70197,1412364,나올고니,2020,48,이준철,서울 경마장
70145,46407,문학이글,2020,6,홍대유,서울 경마장
70174,46351,톱티어,2020,9,강성오,서울 경마장
70200,46377,담쟁이아르고,2020,51,최용건,서울 경마장
70117,46342,스페셜타임,2020,4,박윤규,서울 경마장
70164,46247,클레어파크,2020,50,박재우,서울 경마장
70181,46560,성은크라운,2020,42,이관호,서울 경마장
70177,46333,탱글이,2020,53,김동철,서울 경마장
70103,46341,마이선더,2020,32,김윤섭,서울 경마장
70053,46216,루비어게인,2020,13,이희영,서울 경마장
70182,46281,킹고태양,2020,25,전승규,서울 경마장
70110,46154,블랙이글스,2020,23,유재길,서울 경마장
70167,46193,사려니불릿,2020,14,이신영,서울 경마장
70145,45948,캐츠아이,2020,6,홍대유,서울 경마장
70200,46141,런킹,2020,51,최용건,서울 경마장
70174,46234,케이모션,2020,9,강성오,서울 경마장
70110,46610,터치참,2020,23,유재길,서울 경마장
70114,45976,정상히트,2020,15,박희철,서울 경마장
70200,1400966,누리데이,2020,51,최용건,서울 경마장
70145,46237,용비천,2020,6,홍대유,서울 경마장
70160,45958,온더록스,2020,24,서홍수,서울 경마장
70174,46352,절대가치,2020,9,강성오,서울 경마장
70117,46353,라누트,2020,4,박윤규,서울 경마장
70115,46354,보름달빛,2020,54,박천서,서울 경마장
70179,52738,슈퍼군황,2020,40,송문길,서울 경마장
70175,52733,논스톱힐,2020,31,강환민,서울 경마장
70160,52731,천둥호랑이,2020,24,서홍수,서울 경마장
70179,52739,에이스군주,2020,40,송문길,서울 경마장
70244,52737,선더미르,2020,34,리카디,서울 경마장
70160,52735,올룩,2020,24,서홍수,서울 경마장
70160,52734,키스유니버스,2020,24,서홍수,서울 경마장
70181,52736,뉴질랜드삭스,2020,42,이관호,서울 경마장
70175,52732,컴플리트드림,2020,31,강환민,서울 경마장
70165,46641,매직스트롱,2021,33,서인석,서울 경마장
70182,46716,골드뭉치,2021,25,전승규,서울 경마장
70165,46640,매직위드유,2021,33,서인석,서울 경마장
70091,1412292,장군마루,2021,20,배대선,서울 경마장
70117,46627,걸작원,2021,4,박윤규,서울 경마장
70096,46713,원더풀시킹,2021,12,서범석,서울 경마장
70150,46656,클레어골드,2021,2,손영표,서울 경마장
70148,47261,태평파이터,2021,10,정호익,서울 경마장
70179,46657,자이언트스텝,2021,40,송문길,서울 경마장
70182,46710,원더풀패스,2021,25,전승규,서울 경마장
70181,46666,거센파도,2021,42,이관호,서울 경마장
70148,46744,마루별,2021,10,정호익,서울 경마장
70181,1412290,거센반격,2021,42,이관호,서울 경마장
70179,46664,플라잉카라반,2021,40,송문길,서울 경마장
70165,46647,매직프린스,2021,33,서인석,서울 경마장
70091,46665,장군가람,2021,20,배대선,서울 경마장
70145,46729,피엔에스레이,2021,6,홍대유,서울 경마장
70164,53127,파워팔이영,2021,50,박재우,서울 경마장
70200,46669,오리온알파,2021,51,최용건,서울 경마장
70225,52503,신의이름,2021,21,문병기,서울 경마장
70165,46643,모닝볼드,2021,33,서인석,서울 경마장
70148,52511,빅토리히트,2021,10,정호익,서울 경마장
70146,46912,골든라인,2021,22,안병기,서울 경마장
70150,47211,맥스파티,2021,2,손영표,서울 경마장
70164,52507,럭키하눌,2021,50,박재우,서울 경마장
70182,46711,스피드원,2021,25,전승규,서울 경마장
70166,50248,글로리참,2021,37,심승태,서울 경마장
70098,1412321,브라보플레이,2021,3,최영주,서울 경마장
70095,46683,라온더클리퍼,2021,1,박종곤,서울 경마장
70149,46920,선라이즈고,2021,5,우창구,서울 경마장
70200,47269,고스트드래곤,2021,51,최용건,서울 경마장
70198,46648,스페셜포스,2021,35,임채덕,서울 경마장
70225,46758,꿈의향기,2021,21,문병기,서울 경마장
70095,46748,라온스프린터,2021,1,박종곤,서울 경마장
70179,46856,라라케이,2021,40,송문길,서울 경마장
70197,46726,에코러블리,2021,48,이준철,서울 경마장
70164,46791,럭키파티,2021,50,박재우,서울 경마장
70098,46703,제너럴파워,2021,3,최영주,서울 경마장
70144,46694,천행챗,2021,29,배휴준,서울 경마장
70053,46702,어메이징스타,2021,13,이희영,서울 경마장
70117,52505,굿해피,2021,4,박윤규,서울 경마장
70200,46714,슈퍼원,2021,51,최용건,서울 경마장
70148,53093,스퍼트빗,2021,10,정호익,서울 경마장
70160,52513,클림트월드,2021,24,서홍수,서울 경마장
70098,47469,플라잉럭키,2021,3,최영주,서울 경마장
70197,46858,오래다함께,2021,48,이준철,서울 경마장
70144,46630,에버더크라운,2021,29,배휴준,서울 경마장
70265,47059,성실영웅,2021,30,토니,서울 경마장
70157,46900,바로다나은,2021,7,구자흥,서울 경마장
70095,46682,라온더시대,2021,1,박종곤,서울 경마장
70146,46720,퍼펙트티아라,2021,22,안병기,서울 경마장
70265,46719,행복한승자,2021,30,토니,서울 경마장
70095,46932,라온더대세,2021,1,박종곤,서울 경마장
70108,46688,히어로전사,2021,26,안해양,서울 경마장
70085,46825,음성파워,2021,28,최상식,서울 경마장
70094,46800,용암마렝고,2021,19,곽영효,서울 경마장
70225,46684,스마트클레어,2021,21,문병기,서울 경마장
70244,47050,메가드래곤,2021,34,리카디,서울 경마장
70179,46678,창조의기둥,2021,40,송문길,서울 경마장
70165,46645,매직임팩트,2021,33,서인석,서울 경마장
70164,46929,금성파워,2021,50,박재우,서울 경마장
70197,46857,피엔에스챔프,2021,48,이준철,서울 경마장
70200,46571,머스퀸플라이,2021,51,최용건,서울 경마장
70179,47210,그랜드라지,2021,40,송문길,서울 경마장
70179,1412291,모모케이,2021,40,송문길,서울 경마장
70160,46734,이클립스베리,2021,24,서홍수,서울 경마장
70197,46736,비너스걸,2021,48,이준철,서울 경마장
70166,46801,금악스타,2021,37,심승태,서울 경마장
70108,50060,히어로챔프,2021,26,안해양,서울 경마장
70170,53290,VARIANCE_자마,2021,52,김동균,서울 경마장
70182,46757,히트플라이,2021,25,전승규,서울 경마장
70168,47260,학산컬린,2021,8,최용구,서울 경마장
70146,46760,폭스그레이,2021,22,안병기,서울 경마장
70145,47265,학산마초,2021,6,홍대유,서울 경마장
70163,47263,태평비전,2021,27,박병일,서울 경마장
70200,1412302,러시드래곤,2021,51,최용건,서울 경마장
70098,46845,한강크라운,2021,3,최영주,서울 경마장
70103,47262,태평히어로,2021,32,김윤섭,서울 경마장
70160,52661,아이엠짱,2021,24,서홍수,서울 경마장
70160,52502,이클립스타운,2021,24,서홍수,서울 경마장
70148,47433,마루스톰,2021,10,정호익,서울 경마장
70145,46803,대명장,2021,6,홍대유,서울 경마장
70182,46693,라이트어블루,2021,25,전승규,서울 경마장
70244,46947,무자비,2021,34,리카디,서울 경마장
70170,46877,스터닝머니,2021,52,김동균,서울 경마장
70110,46885,블러드마운틴,2021,23,유재길,서울 경마장
70265,47202,럭키드래곤,2021,30,토니,서울 경마장
70160,52426,마이티짱,2021,24,서홍수,서울 경마장
70098,46871,머니터치,2021,3,최영주,서울 경마장
70175,1411909,천둥의기운,2021,31,강환민,서울 경마장
70163,47389,동진특급,2021,27,박병일,서울 경마장
70094,46832,미라클한강,2021,19,곽영효,서울 경마장
70146,47066,갈색도전자,2021,22,안병기,서울 경마장
70165,46949,서천라이언,2021,33,서인석,서울 경마장
70197,46772,피엔에스미,2021,48,이준철,서울 경마장
70094,46833,한강레전드,2021,19,곽영효,서울 경마장
70145,46776,피엔에스주,2021,6,홍대유,서울 경마장
70174,46955,골든잭팟,2021,9,강성오,서울 경마장
70096,47072,스트롱블루,2021,12,서범석,서울 경마장
70094,46839,은파사랑,2021,19,곽영효,서울 경마장
70095,46668,라온더판타,2021,1,박종곤,서울 경마장
70110,46749,분당쓰나미,2021,23,유재길,서울 경마장
70181,1412299,지구라트,2021,42,이관호,서울 경마장
70095,46942,라온더맨,2021,1,박종곤,서울 경마장
70199,46674,스타트렉,2021,11,조현수,서울 경마장
70170,53292,ISLE GET READY_자마,2021,52,김동균,서울 경마장
70265,47200,애플퀸,2021,30,토니,서울 경마장
70175,46954,히어아이엠,2021,31,강환민,서울 경마장
70174,1412298,우승콩코드,2021,9,강성오,서울 경마장
70096,47557,우마포이,2021,12,서범석,서울 경마장
70225,46752,천마불패,2021,21,문병기,서울 경마장
70170,53293,OLD VALYRIA_자마,2021,52,김동균,서울 경마장
70197,46965,흥행불패,2021,48,이준철,서울 경마장
70166,47383,에덴의동쪽,2021,37,심승태,서울 경마장
70168,47092,네순도르마,2021,8,최용구,서울 경마장
70168,46691,시티킹,2021,8,최용구,서울 경마장
70095,46940,라온더탑,2021,1,박종곤,서울 경마장
70168,46566,다이나믹송,2021,8,최용구,서울 경마장
70225,46756,명진불패,2021,21,문병기,서울 경마장
70148,53126,문학홀리데이,2021,10,정호익,서울 경마장
70174,47090,퍼지킹,2021,9,강성오,서울 경마장
70108,47061,가나파워,2021,26,안해양,서울 경마장
70094,47283,용암세상,2021,19,곽영효,서울 경마장
70200,46934,원더풀웰스,2021,51,최용건,서울 경마장
70110,50261,강철파워,2021,23,유재길,서울 경마장
70175,46676,달빛조각사,2021,31,강환민,서울 경마장
70115,46897,베스트토르,2021,54,박천서,서울 경마장
70170,46707,히퍼드롬,2021,52,김동균,서울 경마장
70200,46819,일링크스,2021,51,최용건,서울 경마장
70108,46761,세이렌,2021,26,안해양,서울 경마장
70179,46731,스페이스타임,2021,40,송문길,서울 경마장
70103,47064,트리스탄왕자,2021,32,김윤섭,서울 경마장
70108,47319,물레방아,2021,26,안해양,서울 경마장
70148,46889,마이센터,2021,10,정호익,서울 경마장
70181,46836,서울최강자,2021,42,이관호,서울 경마장
70095,46941,라온더클래머,2021,1,박종곤,서울 경마장
70175,46971,컴플리트브로,2021,31,강환민,서울 경마장
70110,47284,큐피드드림,2021,23,유재길,서울 경마장
70098,46882,더자이언트,2021,3,최영주,서울 경마장
70146,1412303,더플레이어,2021,22,안병기,서울 경마장
70166,50249,나이트참,2021,37,심승태,서울 경마장
70181,46943,서울돌풍,2021,42,이관호,서울 경마장
70145,46978,안양번개,2021,6,홍대유,서울 경마장
70114,1412240,선더여걸,2021,15,박희철,서울 경마장
70096,46953,퍼스트러브,2021,12,서범석,서울 경마장
70197,46817,골든드래곤,2021,48,이준철,서울 경마장
70103,47535,안양쓰나미,2021,32,김윤섭,서울 경마장
70094,46896,울트라히트,2021,19,곽영효,서울 경마장
70144,47540,런던빅토리,2021,29,배휴준,서울 경마장
70244,46948,코잉,2021,34,리카디,서울 경마장
70094,47109,옥천스나이퍼,2021,19,곽영효,서울 경마장
70115,52212,황금불패,2021,54,박천서,서울 경마장
70164,46779,화산귀환,2021,50,박재우,서울 경마장
70198,1412286,대성선샤인,2021,35,임채덕,서울 경마장
70225,46822,신의여제,2021,21,문병기,서울 경마장
70085,46986,해피익투스,2021,28,최상식,서울 경마장
70164,50108,스톰브레이커,2021,50,박재우,서울 경마장
70103,46991,명성축제,2021,32,김윤섭,서울 경마장
70168,1411884,카일리,2021,8,최용구,서울 경마장
70108,52452,우왕륭,2021,26,안해양,서울 경마장
70160,46895,배다리향기,2021,24,서홍수,서울 경마장
70181,1411850,대물삭스,2021,42,이관호,서울 경마장
70108,47273,스톰가이,2021,26,안해양,서울 경마장
70200,47057,브리도킹스타,2021,51,최용건,서울 경마장
70094,46995,미스파이널,2021,19,곽영효,서울 경마장
70165,46893,한강캡틴,2021,33,서인석,서울 경마장
70197,1411852,누리질주,2021,48,이준철,서울 경마장
70053,46999,샤크텐,2021,13,이희영,서울 경마장
70244,52506,로키킹덤,2021,34,리카디,서울 경마장
70225,47081,블루레몬,2021,21,문병기,서울 경마장
70244,46935,블랙벨트,2021,34,리카디,서울 경마장
70148,47493,모쿠슈라,2021,10,정호익,서울 경마장
70144,52473,히어로레전드,2021,29,배휴준,서울 경마장
70108,52472,히어로파이터,2021,26,안해양,서울 경마장
70165,47023,크레이지창,2021,33,서인석,서울 경마장
70148,47499,청파의꿈,2021,10,정호익,서울 경마장
70091,47024,백룡,2021,20,배대선,서울 경마장
70091,47022,레이디코디,2021,20,배대선,서울 경마장
70244,46908,팬텀드래곤,2021,34,리카디,서울 경마장
70108,52451,우와륭,2021,26,안해양,서울 경마장
70161,47014,엘리트피스,2021,41,신삼영,서울 경마장
70164,47139,백두대물,2021,50,박재우,서울 경마장
70170,53291,BLUEGRASS MISS_자마,2021,52,김동균,서울 경마장
70161,47008,나우엘리트,2021,41,신삼영,서울 경마장
70197,46936,원더풀제트,2021,48,이준철,서울 경마장
70148,46579,내길의캡틴,2021,10,정호익,서울 경마장
70152,47501,골든볼,2021,16,최봉주,서울 경마장
70148,47500,초인강타,2021,10,정호익,서울 경마장
70174,47304,플라잉킹,2021,9,강성오,서울 경마장
70085,47104,내길의리더,2021,28,최상식,서울 경마장
70244,50175,금아모멘터스,2021,34,리카디,서울 경마장
70182,1411569,스페셜힐,2021,25,전승규,서울 경마장
70095,47070,라온티모스,2021,1,박종곤,서울 경마장
70149,47419,엔트로피,2021,5,우창구,서울 경마장
70170,53289,SO YOU SAY_자마,2021,52,김동균,서울 경마장
70148,47394,아이언레그,2021,10,정호익,서울 경마장
70160,47032,미래타워,2021,24,서홍수,서울 경마장
70160,46581,슈퍼이클립스,2021,24,서홍수,서울 경마장
70225,47543,신의운명,2021,21,문병기,서울 경마장
70146,52391,포르투나,2021,22,안병기,서울 경마장
70146,1412304,사이클론스타,2021,22,안병기,서울 경마장
70168,46865,여왕삭스,2021,8,최용구,서울 경마장
70244,46937,원더풀파고,2021,34,리카디,서울 경마장
70149,46939,빅토리실버,2021,5,우창구,서울 경마장
70094,47160,스마트캣,2021,19,곽영효,서울 경마장
70114,1412244,레인스타,2021,15,박희철,서울 경마장
70225,47136,나이스태양,2021,21,문병기,서울 경마장
70115,1412293,성신천하,2021,54,박천서,서울 경마장
70148,47322,원평리스트,2021,10,정호익,서울 경마장
70160,52453,마이티숀,2021,24,서홍수,서울 경마장
70179,1411932,영원자이언트,2021,40,송문길,서울 경마장
70160,47103,이클립스포스,2021,24,서홍수,서울 경마장
70179,1411956,토르의망치,2021,40,송문길,서울 경마장
70096,46921,쉬이즈커밍,2021,12,서범석,서울 경마장
70146,47039,포보제니아,2021,22,안병기,서울 경마장
70168,50243,스타터,2021,8,최용구,서울 경마장
70163,46590,송암스카이,2021,27,박병일,서울 경마장
70165,50241,플라잉스타,2021,33,서인석,서울 경마장
70164,47041,오송의별,2021,50,박재우,서울 경마장
70115,52504,큐피드시티,2021,54,박천서,서울 경마장
70145,47235,그린디어,2021,6,홍대유,서울 경마장
70174,1412310,천마평정,2021,9,강성오,서울 경마장
70145,47152,용비파워,2021,6,홍대유,서울 경마장
70200,47541,아스트라이아,2021,51,최용건,서울 경마장
70145,47311,안양천둥,2021,6,홍대유,서울 경마장
70179,50109,자이언트포스,2021,40,송문길,서울 경마장
70144,47142,함평장미,2021,29,배휴준,서울 경마장
70175,52422,울트라드래곤,2021,31,강환민,서울 경마장
70181,47143,아크로마린,2021,42,이관호,서울 경마장
70160,47348,마이티캡,2021,24,서홍수,서울 경마장
70094,47033,한강파이터,2021,19,곽영효,서울 경마장
70145,53125,캡틴삼칠이,2021,6,홍대유,서울 경마장
70164,52508,영웅부활,2021,50,박재우,서울 경마장
70265,50222,강철드래곤,2021,30,토니,서울 경마장
70175,52425,나노마신,2021,31,강환민,서울 경마장
70175,52424,스토미케이,2021,31,강환민,서울 경마장
70133,35924,다르마,2014,14,윤영훈,부경 경마장
70126,36796,로열골드,2015,24,김길중,부경 경마장
70194,36944,레거시,2015,8,토마스,부경 경마장
70133,37934,사키사키,2015,14,윤영훈,부경 경마장
70121,39949,킹오브글로리,2015,7,김병학,부경 경마장
70224,37688,기적의적토마,2015,11,김영민,부경 경마장
70132,37893,탐라하늘,2015,18,이정표,부경 경마장
70180,41714,예스퍼펙트,2016,15,안우성,부경 경마장
70136,38943,파이널프런트,2016,21,민장기,부경 경마장
70226,41835,말리부별,2016,13,박재호,부경 경마장
70249,38766,영광의파이트,2016,3,문현철,부경 경마장
70223,39028,천년의구름,2016,22,강은석,부경 경마장
70194,39201,서부캣,2016,8,토마스,부경 경마장
70133,39168,울트라파워,2016,14,윤영훈,부경 경마장
70121,41767,느닷,2016,7,김병학,부경 경마장
70133,39525,선마운틴,2016,14,윤영훈,부경 경마장
70141,41804,브레이브킹덤,2016,27,이상영,부경 경마장
70156,41707,프로칸설,2016,30,울즐리,부경 경마장
70141,41710,쏜살,2016,27,이상영,부경 경마장
70126,41784,알파킹이지,2016,24,김길중,부경 경마장
70128,39567,천년의약속,2016,4,임금만,부경 경마장
70143,39615,앨버트킹,2016,28,하무선,부경 경마장
70223,40325,영광의타임,2017,22,강은석,부경 경마장
70173,44747,크레이지콘티,2017,10,구민성,부경 경마장
70156,43459,헌치,2017,30,울즐리,부경 경마장
70134,40304,뷰티힐,2017,2,강형곤,부경 경마장
70143,40653,해피피버,2017,28,하무선,부경 경마장
70194,41297,톱파이어,2017,8,토마스,부경 경마장
70137,40301,쾌한황금,2017,12,조용배,부경 경마장
70127,41292,에코선,2017,17,장세한,부경 경마장
70128,43612,워리어클래스,2017,4,임금만,부경 경마장
70223,43544,소머치고,2017,22,강은석,부경 경마장
70137,40607,인디언파티,2017,12,조용배,부경 경마장
70141,40608,금아굿포인트,2017,27,이상영,부경 경마장
70086,40483,알파하트,2017,33,권승주,부경 경마장
70126,41718,블루파워,2017,24,김길중,부경 경마장
70127,40862,퍼스트스타,2017,17,장세한,부경 경마장
70121,40310,미라클드리밍,2017,7,김병학,부경 경마장
70173,41492,그레이트댄스,2017,10,구민성,부경 경마장
70132,40723,에이원스,2017,18,이정표,부경 경마장
70136,41010,원더풀월드,2017,21,민장기,부경 경마장
70143,41633,트리플스톰,2017,28,하무선,부경 경마장
70125,40603,선더킹,2017,9,양귀선,부경 경마장
70136,40736,위닝댄서,2017,21,민장기,부경 경마장
70194,40942,그레이트굿,2017,8,토마스,부경 경마장
70121,40643,원픽,2017,7,김병학,부경 경마장
70186,41314,비스틀리,2017,31,라이스,부경 경마장
70125,43627,바벨히트,2017,9,양귀선,부경 경마장
70180,40984,트라이엄프캣,2017,15,안우성,부경 경마장
70173,41530,신진강호,2017,10,구민성,부경 경마장
70180,40796,트라이엄프킹,2017,15,안우성,부경 경마장
70141,43614,금아미스틱,2017,27,이상영,부경 경마장
70194,40837,한라누리,2017,8,토마스,부경 경마장
70176,40968,최강라이거,2017,6,구영준,부경 경마장
70138,40903,골든,2017,32,임동창,부경 경마장
70086,41440,골든위너,2017,33,권승주,부경 경마장
70126,41204,대망의길,2017,24,김길중,부경 경마장
70173,41489,그레이트보스,2017,10,구민성,부경 경마장
70126,41124,원더풀스마티,2017,24,김길중,부경 경마장
70138,40826,고블린,2017,32,임동창,부경 경마장
70141,43634,부경천사,2017,27,이상영,부경 경마장
70246,43563,에이커스드림,2017,23,손병직,부경 경마장
70142,40928,바베어리언,2017,26,방동석,부경 경마장
70129,41409,퀸오브더퀸,2017,20,최기홍,부경 경마장
70142,41855,맨오브톱,2017,26,방동석,부경 경마장
70223,43638,로키스카이,2017,22,강은석,부경 경마장
70121,41016,맨오브더월드,2017,7,김병학,부경 경마장
70130,41287,파인의꿈,2017,1,백광열,부경 경마장
70138,40831,하바나제인,2017,32,임동창,부경 경마장
70137,41372,천마하서,2017,12,조용배,부경 경마장
70249,41460,판타스틱맨,2017,3,문현철,부경 경마장
70141,42218,퍼스트파크,2018,27,이상영,부경 경마장
70129,42322,위너스맨,2018,20,최기홍,부경 경마장
70143,42336,워너비스타,2018,28,하무선,부경 경마장
70134,45666,바비스패로우,2018,2,강형곤,부경 경마장
70223,42217,인피니티파워,2018,22,강은석,부경 경마장
70246,42341,함안여항산,2018,23,손병직,부경 경마장
70143,43176,최강두드림,2018,28,하무선,부경 경마장
70223,42314,글로리킹,2018,22,강은석,부경 경마장
70136,42337,플랫베이브,2018,21,민장기,부경 경마장
70186,44915,제시의꿈,2018,31,라이스,부경 경마장
70137,43183,청마황후,2018,12,조용배,부경 경마장
70133,42228,나르캣,2018,14,윤영훈,부경 경마장
70137,42391,청마영웅,2018,12,조용배,부경 경마장
70142,42333,히트예감,2018,26,방동석,부경 경마장
70180,42256,원더풀보브캣,2018,15,안우성,부경 경마장
70249,42326,톱메이트,2018,3,문현철,부경 경마장
70128,42636,퀸오브스피릿,2018,4,임금만,부경 경마장
70121,43305,골드프린스,2018,7,김병학,부경 경마장
70121,43215,캐치더빅토리,2018,7,김병학,부경 경마장
70133,44756,위너스타임,2018,14,윤영훈,부경 경마장
70224,42499,영원파워,2018,11,김영민,부경 경마장
70133,42563,동남불패,2018,14,윤영훈,부경 경마장
70086,45680,로켓소리,2018,33,권승주,부경 경마장
70086,42342,어메이징풋,2018,33,권승주,부경 경마장
70156,42503,미라쿨룸,2018,30,울즐리,부경 경마장
70121,42070,네임드,2018,7,김병학,부경 경마장
70126,42248,갤럭시로드,2018,24,김길중,부경 경마장
70086,42360,케이케이원,2018,33,권승주,부경 경마장
70141,42301,원더풀시크릿,2018,27,이상영,부경 경마장
70180,42460,라온더파워,2018,15,안우성,부경 경마장
70123,42509,레이더,2018,19,김영관,부경 경마장
70132,42625,연승글로리,2018,18,이정표,부경 경마장
70194,42489,스카이모어,2018,8,토마스,부경 경마장
70180,42404,갤런트워리어,2018,15,안우성,부경 경마장
70176,43177,베스트윈드,2018,6,구영준,부경 경마장
70136,42257,톱아델,2018,21,민장기,부경 경마장
70141,43306,금아마이아,2018,27,이상영,부경 경마장
70133,43236,신비한강자,2018,14,윤영훈,부경 경마장
70141,42272,블루스카이,2018,27,이상영,부경 경마장
70246,42541,천하넘버원,2018,23,손병직,부경 경마장
70194,45145,바벨드리머,2018,8,토마스,부경 경마장
70132,43250,스마티돌풍,2018,18,이정표,부경 경마장
70129,42892,퀸할리,2018,20,최기홍,부경 경마장
70133,42891,레인킬러,2018,14,윤영훈,부경 경마장
70223,45135,클린샷,2018,22,강은석,부경 경마장
70186,45127,역전명수,2018,31,라이스,부경 경마장
70141,42551,애니카걸,2018,27,이상영,부경 경마장
70138,42364,블루카슨,2018,32,임동창,부경 경마장
70086,43211,선라이트보이,2018,33,권승주,부경 경마장
70156,45137,덩컨,2018,30,울즐리,부경 경마장
70173,42363,애니라인,2018,10,구민성,부경 경마장
70128,42666,굿탱크,2018,4,임금만,부경 경마장
70136,42633,운주으뜸,2018,21,민장기,부경 경마장
70125,42773,우승강자,2018,9,양귀선,부경 경마장
70141,46255,부카티니,2018,27,이상영,부경 경마장
70123,42517,부산항갈매기,2018,19,김영관,부경 경마장
70134,42439,소리태풍,2018,2,강형곤,부경 경마장
70138,42701,투투라임,2018,32,임동창,부경 경마장
70123,42306,스타아이,2018,19,김영관,부경 경마장
70134,42723,비케이룩스,2018,2,강형곤,부경 경마장
70226,42585,닥터패션,2018,13,박재호,부경 경마장
70186,43262,승리매직퀸,2018,31,라이스,부경 경마장
70194,42346,그레이트원,2018,8,토마스,부경 경마장
70186,46257,투혼의반석,2018,31,라이스,부경 경마장
70180,42786,필그림,2018,15,안우성,부경 경마장
70223,42655,리치카우보이,2018,22,강은석,부경 경마장
70246,43414,최강무지개,2018,23,손병직,부경 경마장
70132,42183,투데이스타,2018,18,이정표,부경 경마장
70137,42620,스타티세,2018,12,조용배,부경 경마장
70128,42634,디러블리퀸,2018,4,임금만,부경 경마장
70141,42512,밀리언뱅크,2018,27,이상영,부경 경마장
70176,42031,윈드하이,2018,6,구영준,부경 경마장
70141,42514,남도퀸,2018,27,이상영,부경 경마장
70133,42466,무적불패,2018,14,윤영훈,부경 경마장
70136,42895,석세스마초,2018,21,민장기,부경 경마장
70156,42085,바운티헌터,2018,30,울즐리,부경 경마장
70123,42664,손아도르,2018,19,김영관,부경 경마장
70180,42552,얼라이브캡틴,2018,15,안우성,부경 경마장
70125,42365,당대블루,2018,9,양귀선,부경 경마장
70136,42923,연승브라보,2018,21,민장기,부경 경마장
70121,44738,럭키브레이크,2018,7,김병학,부경 경마장
70130,42898,닥터테이크,2018,1,백광열,부경 경마장
70194,42925,에이스포텐,2018,8,토마스,부경 경마장
70134,42163,최강쏜살,2018,2,강형곤,부경 경마장
70186,45128,월드삭스,2018,31,라이스,부경 경마장
70127,43014,루카스선,2018,17,장세한,부경 경마장
70176,42912,대호마,2018,6,구영준,부경 경마장
70136,43079,큐트가이,2018,21,민장기,부경 경마장
70246,43061,수소파워,2018,23,손병직,부경 경마장
70223,42191,얼라이브스타,2018,22,강은석,부경 경마장
70194,43288,천마파워,2018,8,토마스,부경 경마장
70137,42844,함안서북산,2018,12,조용배,부경 경마장
70194,45669,허니드래건,2018,8,토마스,부경 경마장
70141,44757,무적찰리,2018,27,이상영,부경 경마장
70129,42515,버닝파티,2018,20,최기홍,부경 경마장
70156,45136,클리어,2018,30,울즐리,부경 경마장
70156,42169,미스인디,2018,30,울즐리,부경 경마장
70246,42847,함안봉화산,2018,23,손병직,부경 경마장
70125,43117,온누리질주,2018,9,양귀선,부경 경마장
70186,45670,히든찰리,2018,31,라이스,부경 경마장
70123,45456,나이스최강,2018,19,김영관,부경 경마장
70142,41990,머니백,2018,26,방동석,부경 경마장
70132,43052,더프린세스,2018,18,이정표,부경 경마장
70186,43156,에이스솔로몬,2018,31,라이스,부경 경마장
70128,43095,영광의라이더,2018,4,임금만,부경 경마장
70137,42818,남도일등,2018,12,조용배,부경 경마장
70127,42141,런앤드건,2018,17,장세한,부경 경마장
70156,42211,빅터바시움,2018,30,울즐리,부경 경마장
70133,43084,태풍이,2018,14,윤영훈,부경 경마장
70246,42907,함안방어산,2018,23,손병직,부경 경마장
70086,43035,라온더보스,2018,33,권승주,부경 경마장
70143,43324,부미스타,2018,28,하무선,부경 경마장
70132,42842,함안백이산,2018,18,이정표,부경 경마장
70176,42082,뉴크라운,2018,6,구영준,부경 경마장
70123,42115,동트자보이,2018,19,김영관,부경 경마장
70186,43154,블랙올리브,2018,31,라이스,부경 경마장
70127,42087,뜨거운만남,2018,17,장세한,부경 경마장
70134,42146,노블카우보이,2018,2,강형곤,부경 경마장
70132,42065,트리플질주,2018,18,이정표,부경 경마장
70186,45210,갤럭시오브,2018,31,라이스,부경 경마장
70173,43665,서던킹,2019,10,구민성,부경 경마장
70128,44424,모닝뮤즈,2019,4,임금만,부경 경마장
70141,43670,윈드위너,2019,27,이상영,부경 경마장
70130,43729,위너스타,2019,1,백광열,부경 경마장
70194,43721,원더풀임팩트,2019,8,토마스,부경 경마장
70142,43722,원더풀오션,2019,26,방동석,부경 경마장
70141,44425,금아패셔너트,2019,27,이상영,부경 경마장
70123,43740,어게인터치,2019,19,김영관,부경 경마장
70123,44344,마군,2019,19,김영관,부경 경마장
70125,43690,독보,2019,9,양귀선,부경 경마장
70156,43675,유서프,2019,30,울즐리,부경 경마장
70123,43698,금아인피니티,2019,19,김영관,부경 경마장
70186,44429,알렉킹이지,2019,31,라이스,부경 경마장
70132,43973,호랑가시,2019,18,이정표,부경 경마장
70132,43833,타이탄케이,2019,18,이정표,부경 경마장
70156,44701,평화축제,2019,30,울즐리,부경 경마장
70186,43817,정문드래곤,2019,31,라이스,부경 경마장
70180,43947,주말보배,2019,15,안우성,부경 경마장
70226,43850,인디초이스,2019,13,박재호,부경 경마장
70176,43801,판타스틱러브,2019,6,구영준,부경 경마장
70173,44181,이터널에이스,2019,10,구민성,부경 경마장
70137,44888,밀크데이,2019,12,조용배,부경 경마장
70129,43919,그레이트블루,2019,20,최기홍,부경 경마장
70121,43857,최강마린,2019,7,김병학,부경 경마장
70125,43735,하늘강자,2019,9,양귀선,부경 경마장
70186,43716,퍼플망고,2019,31,라이스,부경 경마장
70156,46517,더에어,2019,30,울즐리,부경 경마장
70125,44437,한라백두,2019,9,양귀선,부경 경마장
70125,43717,스텔루나,2019,9,양귀선,부경 경마장
70127,44167,레이디골든,2019,17,장세한,부경 경마장
70123,43774,레전드넘버원,2019,19,김영관,부경 경마장
70186,45154,플래시참,2019,31,라이스,부경 경마장
70125,43707,하늘질주,2019,9,양귀선,부경 경마장
70130,43709,닥터파라오,2019,1,백광열,부경 경마장
70123,44062,심플칼릭스,2019,19,김영관,부경 경마장
70121,43972,맨오브더이어,2019,7,김병학,부경 경마장
70136,44593,골든선더볼트,2019,21,민장기,부경 경마장
70132,43683,퀸로맨스,2019,18,이정표,부경 경마장
70130,44737,아델앨리스,2019,1,백광열,부경 경마장
70226,45039,하늘미소,2019,13,박재호,부경 경마장
70226,44639,애니싱스,2019,13,박재호,부경 경마장
70086,45024,라온더파이팅,2019,33,권승주,부경 경마장
70132,44432,언제나영웅,2019,18,이정표,부경 경마장
70121,43760,머니케이스,2019,7,김병학,부경 경마장
70128,44252,영광의레전드,2019,4,임금만,부경 경마장
70133,44387,오르다,2019,14,윤영훈,부경 경마장
70223,43986,올크라운,2019,22,강은석,부경 경마장
70143,43733,케이에프원,2019,28,하무선,부경 경마장
70246,44388,블루캡틴,2019,23,손병직,부경 경마장
70126,43793,캡틴골드,2019,24,김길중,부경 경마장
70086,44070,라온더플래시,2019,33,권승주,부경 경마장
70128,44435,윈스팅,2019,4,임금만,부경 경마장
70129,44072,오렌지개라지,2019,20,최기홍,부경 경마장
70136,43874,특급캠프,2019,21,민장기,부경 경마장
70126,43784,골든레이서,2019,24,김길중,부경 경마장
70125,43867,하늘전사,2019,9,양귀선,부경 경마장
70134,44284,불의검,2019,2,강형곤,부경 경마장
70086,43794,골든파워,2019,33,권승주,부경 경마장
70123,43981,파워가이,2019,19,김영관,부경 경마장
70125,44121,로드투브이,2019,9,양귀선,부경 경마장
70141,43763,폴투윈,2019,27,이상영,부경 경마장
70226,44081,닥터칼리파,2019,13,박재호,부경 경마장
70176,44726,마하메루,2019,6,구영준,부경 경마장
70123,44140,샤카,2019,19,김영관,부경 경마장
70156,44851,챔프고,2019,30,울즐리,부경 경마장
70194,44194,플레이더인디,2019,8,토마스,부경 경마장
70123,43744,할리우드파티,2019,19,김영관,부경 경마장
70249,44118,운주스타,2019,3,문현철,부경 경마장
70186,44055,그린스피드,2019,31,라이스,부경 경마장
70143,45071,컬러풀윈드,2019,28,하무선,부경 경마장
70137,47044,엑톤파워,2019,12,조용배,부경 경마장
70134,44145,스페셜팩트,2019,2,강형곤,부경 경마장
70134,43702,비케이뉴문,2019,2,강형곤,부경 경마장
70130,44166,닥터시저,2019,1,백광열,부경 경마장
70121,44695,컴온퍼스트,2019,7,김병학,부경 경마장
70133,45041,우승여걸,2019,14,윤영훈,부경 경마장
70176,43959,최강포스,2019,6,구영준,부경 경마장
70123,43723,원더풀파일,2019,19,김영관,부경 경마장
70126,44282,보람이,2019,24,김길중,부경 경마장
70133,44097,오케이선더,2019,14,윤영훈,부경 경마장
70086,44215,은성위너,2019,33,권승주,부경 경마장
70086,44898,퍼플라인,2019,33,권승주,부경 경마장
70123,44481,아름다운인연,2019,19,김영관,부경 경마장
70143,44476,팬텀퀸,2019,28,하무선,부경 경마장
70194,44483,화랑스카이,2019,8,토마스,부경 경마장
70133,44083,원더풀찬스,2019,14,윤영훈,부경 경마장
70226,45072,하트브레이커,2019,13,박재호,부경 경마장
70134,43841,동부스타,2019,2,강형곤,부경 경마장
70137,43863,배다리돌풍,2019,12,조용배,부경 경마장
70132,43890,은성챔피언,2019,18,이정표,부경 경마장
70180,44431,스카이승,2019,15,안우성,부경 경마장
70130,44885,벌마의스타,2019,1,백광열,부경 경마장
70226,43898,닥터콩돌이,2019,13,박재호,부경 경마장
70173,44256,용가리,2019,10,구민성,부경 경마장
70180,44151,스카이제주향,2019,15,안우성,부경 경마장
70224,44852,맨오브더스타,2019,11,김영민,부경 경마장
70173,44255,마이티스톰,2019,10,구민성,부경 경마장
70133,44551,골든크라운,2019,14,윤영훈,부경 경마장
70133,44798,메니피송,2019,14,윤영훈,부경 경마장
70246,44492,나이스데이,2019,23,손병직,부경 경마장
70223,44500,맨오브더맨,2019,22,강은석,부경 경마장
70223,44458,운주히어로,2019,22,강은석,부경 경마장
70224,44886,아델골드,2019,11,김영민,부경 경마장
70176,45028,파이트패밀리,2019,6,구영준,부경 경마장
70134,44224,스톰어게인,2019,2,강형곤,부경 경마장
70086,44450,서부특급,2019,33,권승주,부경 경마장
70129,44056,성치대로,2019,20,최기홍,부경 경마장
70125,44887,대지초이스,2019,9,양귀선,부경 경마장
70127,44649,퀄리티퀸,2019,17,장세한,부경 경마장
70156,44686,비제이치프,2019,30,울즐리,부경 경마장
70224,44366,아델축배,2019,11,김영민,부경 경마장
70143,44361,제트캐시,2019,28,하무선,부경 경마장
70186,44536,야생화,2019,31,라이스,부경 경마장
70138,44643,글로벌최고,2019,32,임동창,부경 경마장
70125,44529,상승보이,2019,9,양귀선,부경 경마장
70134,44375,스페셜투게더,2019,2,강형곤,부경 경마장
70186,44541,버닝패션,2019,31,라이스,부경 경마장
70134,44374,스페셜히어로,2019,2,강형곤,부경 경마장
70180,44289,플라잉리걸,2019,15,안우성,부경 경마장
70141,44801,스카이아치,2019,27,이상영,부경 경마장
70125,44540,퓨어매직,2019,9,양귀선,부경 경마장
70130,44363,아델플라이,2019,1,백광열,부경 경마장
70176,44566,대호누리,2019,6,구영준,부경 경마장
70186,44391,에이스아모카,2019,31,라이스,부경 경마장
70130,44371,영천솔레미오,2019,1,백광열,부경 경마장
70129,44299,영성퀸,2019,20,최기홍,부경 경마장
70086,44227,퍼플스타,2019,33,권승주,부경 경마장
70127,44570,청호보스,2019,17,장세한,부경 경마장
70224,44471,그래핀킹,2019,11,김영민,부경 경마장
70128,44214,판타스틱챔프,2019,4,임금만,부경 경마장
70138,44084,성실시화,2019,32,임동창,부경 경마장
70141,44862,금아우노,2019,27,이상영,부경 경마장
70156,44871,인디불패,2019,30,울즐리,부경 경마장
70136,44297,일번지,2019,21,민장기,부경 경마장
70127,44850,렛잇고,2019,17,장세한,부경 경마장
70186,44295,그린파파고,2019,31,라이스,부경 경마장
70133,44549,골든캠프,2019,14,윤영훈,부경 경마장
70121,46516,해브어굿데이,2019,7,김병학,부경 경마장
70138,44396,글로벌여신,2019,32,임동창,부경 경마장
70086,44578,위대한선택,2019,33,권승주,부경 경마장
70132,44585,슈퍼크랙,2019,18,이정표,부경 경마장
70136,44316,스페셜윈드,2019,21,민장기,부경 경마장
70129,44298,영성프린스,2019,20,최기홍,부경 경마장
70132,44170,퀸스타,2019,18,이정표,부경 경마장
70126,44491,스타마타,2019,24,김길중,부경 경마장
70173,44462,캡틴양키,2019,10,구민성,부경 경마장
70186,44855,밥앤드조이,2019,31,라이스,부경 경마장
70194,44461,으뜸이,2019,8,토마스,부경 경마장
70223,44506,포에버챔프,2019,22,강은석,부경 경마장
70126,44185,잣나무길,2019,24,김길중,부경 경마장
70136,47043,꿈너머,2019,21,민장기,부경 경마장
70134,46442,캄스트롱,2019,2,강형곤,부경 경마장
70143,44359,서귀축제,2019,28,하무선,부경 경마장
70130,44169,닥터펜타곤,2019,1,백광열,부경 경마장
70156,44534,선더클라우드,2019,30,울즐리,부경 경마장
70194,44313,라인브레이커,2019,8,토마스,부경 경마장
70142,44397,샤이드래건,2019,26,방동석,부경 경마장
70173,44209,그레이트캡틴,2019,10,구민성,부경 경마장
70130,44608,닥터페르시아,2019,1,백광열,부경 경마장
70127,44646,킥앤드러시,2019,17,장세한,부경 경마장
70136,44633,운주오션,2019,21,민장기,부경 경마장
70173,44664,드림비거,2019,10,구민성,부경 경마장
70176,44640,라우드컬러,2019,6,구영준,부경 경마장
70194,44854,딕시밴드,2019,8,토마스,부경 경마장
70138,44574,색달파이터,2019,32,임동창,부경 경마장
70128,44254,가디언엔젤,2019,4,임금만,부경 경마장
70121,45030,라이트스토리,2019,7,김병학,부경 경마장
70226,44819,다이아스피릿,2019,13,박재호,부경 경마장
70186,44865,스파이스엑톤,2019,31,라이스,부경 경마장
70121,44864,아이윌비프리,2019,7,김병학,부경 경마장
70186,44879,더블탭,2019,31,라이스,부경 경마장
70132,44580,원더풀차차,2019,18,이정표,부경 경마장
70123,44673,금아스타리,2019,19,김영관,부경 경마장
70223,46518,디먼스파이,2019,22,강은석,부경 경마장
70180,44861,켄드릭,2019,15,안우성,부경 경마장
70173,44662,패션포스원,2019,10,구민성,부경 경마장
70143,44680,크라우드원,2019,28,하무선,부경 경마장
70180,44496,플라잉더챔프,2019,15,안우성,부경 경마장
70125,44647,그랜드선,2019,9,양귀선,부경 경마장
70134,44411,행복한함안,2019,2,강형곤,부경 경마장
70130,44895,대호전설,2019,1,백광열,부경 경마장
70123,45169,블랙맘바,2020,19,김영관,부경 경마장
70086,45174,선더공주,2020,33,권승주,부경 경마장
70136,45167,캡틴코만도,2020,21,민장기,부경 경마장
70136,45176,운주마하,2020,21,민장기,부경 경마장
70143,46220,케이에프오공,2020,28,하무선,부경 경마장
70226,45175,비전월드,2020,13,박재호,부경 경마장
70136,45171,하늘제왕,2020,21,민장기,부경 경마장
70142,45345,그레이트월드,2020,26,방동석,부경 경마장
70128,45253,릴리즈에디션,2020,4,임금만,부경 경마장
70086,51926,제니스러너,2020,33,권승주,부경 경마장
70123,45245,즐거운여정,2020,19,김영관,부경 경마장
70223,45254,노마드에디션,2020,22,강은석,부경 경마장
70136,45346,월드클래스캣,2020,21,민장기,부경 경마장
70132,45304,원더풀원,2020,18,이정표,부경 경마장
70143,45318,이캐시,2020,28,하무선,부경 경마장
70137,45321,클라우드러브,2020,12,조용배,부경 경마장
70128,45273,황우태복,2020,4,임금만,부경 경마장
70126,45481,달에홀린광대,2020,24,김길중,부경 경마장
70132,45305,도쿄케이,2020,18,이정표,부경 경마장
70134,45330,황우장사,2020,2,강형곤,부경 경마장
70223,45268,운주투하츠,2020,22,강은석,부경 경마장
70128,45271,선더퓨리,2020,4,임금만,부경 경마장
70156,46394,해피블루,2020,30,울즐리,부경 경마장
70133,45316,히어더퀸,2020,14,윤영훈,부경 경마장
70143,45363,탑볼트,2020,28,하무선,부경 경마장
70138,45314,스타드래건,2020,32,임동창,부경 경마장
70249,45492,저스트비해피,2020,3,문현철,부경 경마장
70180,45317,구디,2020,15,안우성,부경 경마장
70180,45472,베르다,2020,15,안우성,부경 경마장
70141,45189,파이어매직,2020,27,이상영,부경 경마장
70194,46393,판타스틱타임,2020,8,토마스,부경 경마장
70138,45501,쿠케난,2020,32,임동창,부경 경마장
70130,45180,닥터쿠쿠,2020,1,백광열,부경 경마장
70086,46102,피플파워,2020,33,권승주,부경 경마장
70130,45324,사바하,2020,1,백광열,부경 경마장
70128,45478,백투더레전드,2020,4,임금만,부경 경마장
70123,45353,장산레몬,2020,19,김영관,부경 경마장
70143,46453,해랑장군,2020,28,하무선,부경 경마장
70173,45499,서던조이,2020,10,구민성,부경 경마장
70142,45465,얼루어,2020,26,방동석,부경 경마장
70143,45386,맨오브더킹,2020,28,하무선,부경 경마장
70186,45282,아라산,2020,31,라이스,부경 경마장
70130,45374,달릴래요,2020,1,백광열,부경 경마장
70224,45262,벌교의꿈,2020,11,김영민,부경 경마장
70128,45705,황우파이터,2020,4,임금만,부경 경마장
70186,46085,정문스펙터,2020,31,라이스,부경 경마장
70180,45300,플라잉아론,2020,15,안우성,부경 경마장
70136,45342,일출골드,2020,21,민장기,부경 경마장
70129,51982,어나더마린,2020,20,최기홍,부경 경마장
70123,45517,랜드뱅크,2020,19,김영관,부경 경마장
70246,46328,화랑신화,2020,23,손병직,부경 경마장
70127,45407,청담케이,2020,17,장세한,부경 경마장
70194,51919,성원스타,2020,8,토마스,부경 경마장
70130,46526,피스톨스타,2020,1,백광열,부경 경마장
70126,45502,포크록,2020,24,김길중,부경 경마장
70138,46084,테이아,2020,32,임동창,부경 경마장
70223,45570,아틀라스,2020,22,강은석,부경 경마장
70186,46402,아서킹이지,2020,31,라이스,부경 경마장
70133,45267,팬스타,2020,14,윤영훈,부경 경마장
70137,45379,캡틴찰리,2020,12,조용배,부경 경마장
70142,45340,글로벌히트,2020,26,방동석,부경 경마장
70224,45550,라이트세이버,2020,11,김영민,부경 경마장
70249,46050,함안청룡,2020,3,문현철,부경 경마장
70224,45301,석세스배틀,2020,11,김영민,부경 경마장
70134,45222,마이플레저,2020,2,강형곤,부경 경마장
70125,45387,담양의신,2020,9,양귀선,부경 경마장
70133,45337,오케이스타,2020,14,윤영훈,부경 경마장
70123,51980,강서자이언트,2020,19,김영관,부경 경마장
70223,51922,조이준마,2020,22,강은석,부경 경마장
70125,45867,에브리킹이지,2020,9,양귀선,부경 경마장
70128,45308,판타스틱킹덤,2020,4,임금만,부경 경마장
70137,45699,일망블루,2020,12,조용배,부경 경마장
70125,51918,바벨선샤인,2020,9,양귀선,부경 경마장
70136,45286,컴백투유,2020,21,민장기,부경 경마장
70128,45310,아쿠아매직,2020,4,임금만,부경 경마장
70194,45551,파워플레인,2020,8,토마스,부경 경마장
70134,45422,슈퍼카넬,2020,2,강형곤,부경 경마장
70130,45296,아델호랑이,2020,1,백광열,부경 경마장
70156,46308,솔레다드,2020,30,울즐리,부경 경마장
70180,45554,원더풀폰,2020,15,안우성,부경 경마장
70136,50022,어나더원,2020,21,민장기,부경 경마장
70194,51920,카르페바벨,2020,8,토마스,부경 경마장
70125,45277,켈리퀸,2020,9,양귀선,부경 경마장
70123,45608,파워사운드,2020,19,김영관,부경 경마장
70223,45600,로드투매직,2020,22,강은석,부경 경마장
70180,45281,더베스트에버,2020,15,안우성,부경 경마장
70086,45439,서부빅스텝,2020,33,권승주,부경 경마장
70136,46327,절대보스,2020,21,민장기,부경 경마장
70223,50075,운주본능,2020,22,강은석,부경 경마장
70156,51983,라카르타,2020,30,울즐리,부경 경마장
70194,45558,원더풀앤도버,2020,8,토마스,부경 경마장
70156,46392,해피째즈,2020,30,울즐리,부경 경마장
70136,45471,카우라인,2020,21,민장기,부경 경마장
70086,45565,블루모어,2020,33,권승주,부경 경마장
70176,45943,최강위크,2020,6,구영준,부경 경마장
70134,45596,매직스위티,2020,2,강형곤,부경 경마장
70126,45252,록스,2020,24,김길중,부경 경마장
70132,46367,시크릿레이디,2020,18,이정표,부경 경마장
70186,45435,승리매직킹,2020,31,라이스,부경 경마장
70134,45997,투투플라잉,2020,2,강형곤,부경 경마장
70141,45312,브레이브캡틴,2020,27,이상영,부경 경마장
70086,45388,버럭,2020,33,권승주,부경 경마장
70126,45630,킹애니데이,2020,24,김길중,부경 경마장
70127,45441,메타퀸,2020,17,장세한,부경 경마장
70134,45594,매직큐,2020,2,강형곤,부경 경마장
70137,45945,베스트리더,2020,12,조용배,부경 경마장
70086,45484,러닝파워,2020,33,권승주,부경 경마장
70249,50063,스마일보이,2020,3,문현철,부경 경마장
70137,45767,청마의질주,2020,12,조용배,부경 경마장
70143,45420,커널플라잉,2020,28,하무선,부경 경마장
70125,46395,로드투퀸,2020,9,양귀선,부경 경마장
70129,45694,송도갈매기,2020,20,최기홍,부경 경마장
70246,45510,용산큰별,2020,23,손병직,부경 경마장
70132,50312,로드투글로리,2020,18,이정표,부경 경마장
70128,45412,모닝라이드,2020,4,임금만,부경 경마장
70130,45634,닥터오스카,2020,1,백광열,부경 경마장
70126,46037,슈넬블리츠,2020,24,김길중,부경 경마장
70137,50062,유핑,2020,12,조용배,부경 경마장
70127,45532,푸른열정,2020,17,장세한,부경 경마장
70226,46462,보라챔프,2020,13,박재호,부경 경마장
70086,45488,초이스런,2020,33,권승주,부경 경마장
70143,46209,한솔브레인,2020,28,하무선,부경 경마장
70127,45633,매직클래스,2020,17,장세한,부경 경마장
70086,45629,파워라이드,2020,33,권승주,부경 경마장
70123,45775,금아데프트,2020,19,김영관,부경 경마장
70142,45866,월드포인트,2020,26,방동석,부경 경마장
70224,45638,기적의금빛,2020,11,김영민,부경 경마장
70142,45863,패뷸러스비터,2020,26,방동석,부경 경마장
70173,46041,씽가,2020,10,구민성,부경 경마장
70121,46038,퍼스트코리아,2020,7,김병학,부경 경마장
70186,51480,용비칸,2020,31,라이스,부경 경마장
70180,45754,스카이모닝,2020,15,안우성,부경 경마장
70130,46325,베텔게우스,2020,1,백광열,부경 경마장
70224,46006,레이디베이더,2020,11,김영민,부경 경마장
70186,46088,정문코빗,2020,31,라이스,부경 경마장
70086,46466,톱프렌드,2020,33,권승주,부경 경마장
70249,45526,로즈블레이드,2020,3,문현철,부경 경마장
70226,46464,메이드희망,2020,13,박재호,부경 경마장
70125,45552,바벨하트,2020,9,양귀선,부경 경마장
70176,45605,운주글로벌,2020,6,구영준,부경 경마장
70127,50106,금손클래스,2020,17,장세한,부경 경마장
70142,50280,머니허거,2020,26,방동석,부경 경마장
70126,46095,행복한길,2020,24,김길중,부경 경마장
70125,46537,함평맨,2020,9,양귀선,부경 경마장
70142,46263,데이바이데이,2020,26,방동석,부경 경마장
70226,45490,로즈파이터,2020,13,박재호,부경 경마장
70086,45505,블루아이콘,2020,33,권승주,부경 경마장
70180,45436,낙동전사,2020,15,안우성,부경 경마장
70121,46035,헬로선샤인,2020,7,김병학,부경 경마장
70143,45408,하늘햇살,2020,28,하무선,부경 경마장
70176,45309,바벨퀸,2020,6,구영준,부경 경마장
70127,51921,글로벌여제,2020,17,장세한,부경 경마장
70134,45646,최강총알,2020,2,강형곤,부경 경마장
70129,45823,태왕신기,2020,20,최기홍,부경 경마장
70128,45403,황우머니,2020,4,임금만,부경 경마장
70194,45756,트리모어,2020,8,토마스,부경 경마장
70173,46089,샤인몬스터,2020,10,구민성,부경 경마장
70137,45839,태풍의축제,2020,12,조용배,부경 경마장
70134,46058,비케이누마,2020,2,강형곤,부경 경마장
70126,45837,루비스톰,2020,24,김길중,부경 경마장
70143,45417,아리온퀸,2020,28,하무선,부경 경마장
70186,45807,노던비드,2020,31,라이스,부경 경마장
70132,45628,가속제일,2020,18,이정표,부경 경마장
70173,46452,대지물결,2020,10,구민성,부경 경마장
70249,45777,올오어낫싱,2020,3,문현철,부경 경마장
70123,45520,장산디파이,2020,19,김영관,부경 경마장
70086,45846,여수파이터,2020,33,권승주,부경 경마장
70249,46239,짜릿한이순간,2020,3,문현철,부경 경마장
70086,45845,케이골드바,2020,33,권승주,부경 경마장
70129,46552,태왕스톰,2020,20,최기홍,부경 경마장
70176,45602,운주오름,2020,6,구영준,부경 경마장
70138,45836,태양으뜸,2020,32,임동창,부경 경마장
70173,46222,해랑영웅,2020,10,구민성,부경 경마장
70224,46105,석세스풀,2020,11,김영민,부경 경마장
70176,46298,날라,2020,6,구영준,부경 경마장
70226,45491,드림런,2020,13,박재호,부경 경마장
70128,45715,영광의탱크,2020,4,임금만,부경 경마장
70176,50069,언매치드,2020,6,구영준,부경 경마장
70121,50122,치어풀라이프,2020,7,김병학,부경 경마장
70249,45859,하마,2020,3,문현철,부경 경마장
70143,46062,퀸오브조이,2020,28,하무선,부경 경마장
70133,46240,칼잡이,2020,14,윤영훈,부경 경마장
70130,45539,닥터티파니,2020,1,백광열,부경 경마장
70128,46059,골든스텔라,2020,4,임금만,부경 경마장
70180,45831,스타퓨리,2020,15,안우성,부경 경마장
70223,46113,퍼스트메니,2020,22,강은석,부경 경마장
70133,45860,동남위너,2020,14,윤영훈,부경 경마장
70126,45810,너가최고,2020,24,김길중,부경 경마장
70134,45514,서귀플래시,2020,2,강형곤,부경 경마장
70224,45878,석세스프런트,2020,11,김영민,부경 경마장
70134,45597,모닝위스퍼,2020,2,강형곤,부경 경마장
70249,45401,삼바스텝,2020,3,문현철,부경 경마장
70134,45598,아너로드,2020,2,강형곤,부경 경마장
70137,46094,문막우상,2020,12,조용배,부경 경마장
70127,45857,브레드히트,2020,17,장세한,부경 경마장
70123,51981,럭키스트걸,2020,19,김영관,부경 경마장
70127,1412320,블랙볼트,2020,17,장세한,부경 경마장
70176,45809,남해미소,2020,6,구영준,부경 경마장
70186,45580,에이스파이팅,2020,31,라이스,부경 경마장
70194,45577,원더풀어필,2020,8,토마스,부경 경마장
70125,51923,로키블리스,2020,9,양귀선,부경 경마장
70194,46022,러닝패션,2020,8,토마스,부경 경마장
70224,45752,석세스타임,2020,11,김영민,부경 경마장
70121,45982,골든플러스,2020,7,김병학,부경 경마장
70132,46060,퀸스랜딩,2020,18,이정표,부경 경마장
70136,45907,위드선,2020,21,민장기,부경 경마장
70129,45757,벨로시랩터,2020,20,최기홍,부경 경마장
70142,45557,스피드영,2020,26,방동석,부경 경마장
70141,46122,싱가포르파티,2020,27,이상영,부경 경마장
70133,46072,창창대로,2020,14,윤영훈,부경 경마장
70223,46036,투큐트걸,2020,22,강은석,부경 경마장
70173,46553,모로,2020,10,구민성,부경 경마장
70086,45506,굿매직,2020,33,권승주,부경 경마장
70130,45872,상상그이상,2020,1,백광열,부경 경마장
70133,46310,다이아선더,2020,14,윤영훈,부경 경마장
70126,45816,록파워,2020,24,김길중,부경 경마장
70121,46106,플라잉터치,2020,7,김병학,부경 경마장
70121,46098,파이널세븐,2020,7,김병학,부경 경마장
70137,45806,판타스틱우먼,2020,12,조용배,부경 경마장
70226,46331,루시드퀸,2020,13,박재호,부경 경마장
70180,45916,라온더할리,2020,15,안우성,부경 경마장
70086,46467,라온더탱고,2020,33,권승주,부경 경마장
70127,50006,고흥클래스,2020,17,장세한,부경 경마장
70173,45423,신해망치,2020,10,구민성,부경 경마장
70125,46225,그래핀랩월드,2020,9,양귀선,부경 경마장
70224,46556,석세스플라잉,2020,11,김영민,부경 경마장
70125,46033,온누리축제,2020,9,양귀선,부경 경마장
70156,45939,마이맨트라,2020,30,울즐리,부경 경마장
70136,45865,월드베스트캣,2020,21,민장기,부경 경마장
70173,45636,해피브리애나,2020,10,구민성,부경 경마장
70129,45748,쿨러닝,2020,20,최기홍,부경 경마장
70125,46132,우승무패,2020,9,양귀선,부경 경마장
70143,45910,해랑더원,2020,28,하무선,부경 경마장
70132,46125,용건,2020,18,이정표,부경 경마장
70127,46130,다이나믹위너,2020,17,장세한,부경 경마장
70133,45445,함안불꽃,2020,14,윤영훈,부경 경마장
70127,46126,딴봉퀸,2020,17,장세한,부경 경마장
70130,45969,에이스호랑이,2020,1,백광열,부경 경마장
70134,46056,황우대장군,2020,2,강형곤,부경 경마장
70126,46096,파워스텔스,2020,24,김길중,부경 경마장
70156,45880,아베라우어,2020,30,울즐리,부경 경마장
70130,45911,두바이원정대,2020,1,백광열,부경 경마장
70126,45805,마사랑길,2020,24,김길중,부경 경마장
70126,46146,럭키밴드,2020,24,김길중,부경 경마장
70123,46271,승리의영웅,2020,19,김영관,부경 경마장
70186,46236,아임킹이지,2020,31,라이스,부경 경마장
70132,45937,모닝플로우,2020,18,이정표,부경 경마장
70130,46621,우리다함께,2020,1,백광열,부경 경마장
70173,46129,한강세이버,2020,10,구민성,부경 경마장
70128,45812,영광의함성,2020,4,임금만,부경 경마장
70125,50073,하늘승리,2020,9,양귀선,부경 경마장
70121,50064,해브어굿이어,2020,7,김병학,부경 경마장
70137,46029,패스트건,2020,12,조용배,부경 경마장
70136,50072,런투킹,2020,21,민장기,부경 경마장
70134,45738,황우쏜살,2020,2,강형곤,부경 경마장
70128,45947,스카이샷,2020,4,임금만,부경 경마장
70127,46544,성실양구,2020,17,장세한,부경 경마장
70127,46241,천마독주,2020,17,장세한,부경 경마장
70123,45909,강서불패,2020,19,김영관,부경 경마장
70130,46524,닥터팡팡,2020,1,백광열,부경 경마장
70130,46522,두바이평정,2020,1,백광열,부경 경마장
70136,45895,터보여걸,2020,21,민장기,부경 경마장
70137,46168,핀홀아이,2020,12,조용배,부경 경마장
70249,46384,히어로제이,2020,3,문현철,부경 경마장
70194,46275,판타스틱데이,2020,8,토마스,부경 경마장
70143,46109,아쿠아리우스,2020,28,하무선,부경 경마장
70123,45990,바람바람,2020,19,김영관,부경 경마장
70138,46170,성실스타,2020,32,임동창,부경 경마장
70130,46224,월드터치,2020,1,백광열,부경 경마장
70226,46456,아침의희망,2020,13,박재호,부경 경마장
70180,46159,피미,2020,15,안우성,부경 경마장
70132,46226,나래,2020,18,이정표,부경 경마장
70194,45938,무비모어,2020,8,토마스,부경 경마장
70249,46143,마하터보,2020,3,문현철,부경 경마장
70224,46181,스카이마운틴,2020,11,김영민,부경 경마장
70125,46269,마르카브,2020,9,양귀선,부경 경마장
70142,45642,남양도리,2020,26,방동석,부경 경마장
70156,46145,록앤드롤,2020,30,울즐리,부경 경마장
70123,45966,금아휴즈히트,2020,19,김영관,부경 경마장
70226,45986,글로벌위크,2020,13,박재호,부경 경마장
70176,45925,남양볼트,2020,6,구영준,부경 경마장
70246,45962,채스팔팔,2020,23,손병직,부경 경마장
70246,45761,퍼팩트위너,2020,23,손병직,부경 경마장
70138,50074,글로벌사랑,2020,32,임동창,부경 경마장
70176,46174,제타드림,2020,6,구영준,부경 경마장
70186,46229,스페셜리스트,2020,31,라이스,부경 경마장
70127,46175,성실천하,2020,17,장세한,부경 경마장
70136,46615,석세스영광,2020,21,민장기,부경 경마장
70223,46455,블루캐비아,2020,22,강은석,부경 경마장
70176,46279,스페셜터치,2020,6,구영준,부경 경마장
70176,46160,위드스타,2020,6,구영준,부경 경마장
70134,46530,핼러윈시티,2020,2,강형곤,부경 경마장
70173,46064,해랑이슬,2020,10,구민성,부경 경마장
70224,46000,순천여왕,2020,11,김영민,부경 경마장
70143,46112,타우루스킹,2020,28,하무선,부경 경마장
70134,45941,용상운기,2020,2,강형곤,부경 경마장
70180,45789,라온더어게인,2020,15,안우성,부경 경마장
70180,45787,라온스트롱,2020,15,안우성,부경 경마장
70194,46343,그레이트인디,2020,8,토마스,부경 경마장
70134,45898,최강돌콩,2020,2,강형곤,부경 경마장
70194,46190,영광의에이스,2020,8,토마스,부경 경마장
70127,46403,더퓨어맨,2020,17,장세한,부경 경마장
70133,46055,오케이드림,2020,14,윤영훈,부경 경마장
70132,46003,천수시대,2020,18,이정표,부경 경마장
70123,46149,한센코드걸,2020,19,김영관,부경 경마장
70142,46148,강서루다,2020,26,방동석,부경 경마장
70142,45926,송당도리,2020,26,방동석,부경 경마장
70123,50285,월드파이브,2020,19,김영관,부경 경마장
70249,46543,투데이퀸,2020,3,문현철,부경 경마장
70194,46230,페가콘,2020,8,토마스,부경 경마장
70246,45794,돌아온제타,2020,23,손병직,부경 경마장
70121,46194,매직일레븐,2020,7,김병학,부경 경마장
70156,46172,마가리타,2020,30,울즐리,부경 경마장
70137,46304,영웅처럼,2020,12,조용배,부경 경마장
70249,45651,매직챔프,2020,3,문현철,부경 경마장
70143,46471,라스트히트,2020,28,하무선,부경 경마장
70142,45849,멀티히트,2020,26,방동석,부경 경마장
70249,46365,마스터요다,2020,3,문현철,부경 경마장
70121,46124,마스터로드,2020,7,김병학,부경 경마장
70121,46070,킹오브더이어,2020,7,김병학,부경 경마장
70186,46336,승리테이큰,2020,31,라이스,부경 경마장
70086,45940,골든웨이브,2020,33,권승주,부경 경마장
70249,46195,미라클원,2020,3,문현철,부경 경마장
70142,46404,해피태양,2020,26,방동석,부경 경마장
70138,45893,글로벌스카이,2020,32,임동창,부경 경마장
70173,46198,월드레전드,2020,10,구민성,부경 경마장
70086,51924,알파토르,2020,33,권승주,부경 경마장
70132,46340,에이스스타,2020,18,이정표,부경 경마장
70194,46459,웨이팅포유,2020,8,토마스,부경 경마장
70132,46005,어메이징무브,2020,18,이정표,부경 경마장
70127,45974,성실킹,2020,17,장세한,부경 경마장
70223,46358,주말포커스,2020,22,강은석,부경 경마장
70246,46214,글로벌레전드,2020,23,손병직,부경 경마장
70246,46559,호명드림,2020,23,손병직,부경 경마장
70143,46232,하늘기쁨,2020,28,하무선,부경 경마장
70133,45862,월드로열캣,2020,14,윤영훈,부경 경마장
70142,46213,세븐퀸,2020,26,방동석,부경 경마장
70249,46063,스마일킹,2020,3,문현철,부경 경마장
70249,46218,대호나라,2020,3,문현철,부경 경마장
70141,46623,논스톱듀티,2021,27,이상영,부경 경마장
70226,46564,샤이닝모닝,2021,13,박재호,부경 경마장
70086,46562,럭키스트리트,2021,33,권승주,부경 경마장
70226,46565,하이퍼포스,2021,13,박재호,부경 경마장
70130,46867,닥터케인,2021,1,백광열,부경 경마장
70130,46721,모르페우스,2021,1,백광열,부경 경마장
70249,46687,테오도르,2021,3,문현철,부경 경마장
70156,47381,퓨어댄스,2021,30,울즐리,부경 경마장
70132,46728,로드스타,2021,18,이정표,부경 경마장
70180,46753,라온타이바,2021,15,안우성,부경 경마장
70125,47259,로드투톱,2021,9,양귀선,부경 경마장
70086,46624,본다이아,2021,33,권승주,부경 경마장
70136,47532,월드퍼스트캣,2021,21,민장기,부경 경마장
70224,46739,스카이그릿,2021,11,김영민,부경 경마장
70126,1411344,부경라이언,2021,24,김길중,부경 경마장
70141,46712,원더풀포춘,2021,27,이상영,부경 경마장
70223,46754,라이즈더스론,2021,22,강은석,부경 경마장
70194,46715,원더풀케이랜,2021,8,토마스,부경 경마장
70121,46914,코너원,2021,7,김병학,부경 경마장
70126,1411347,참사랑길,2021,24,김길중,부경 경마장
70128,46755,베스트프라임,2021,4,임금만,부경 경마장
70136,47529,월드메이드캣,2021,21,민장기,부경 경마장
70130,46644,바쿠스,2021,1,백광열,부경 경마장
70125,46690,아리온킹,2021,9,양귀선,부경 경마장
70136,46850,베스트보이,2021,21,민장기,부경 경마장
70180,46853,전설의순간,2021,15,안우성,부경 경마장
70180,47058,맥스더캣,2021,15,안우성,부경 경마장
70130,46646,콩코드파크,2021,1,백광열,부경 경마장
70226,46763,하늘평정,2021,13,박재호,부경 경마장
70125,46762,데이투데이,2021,9,양귀선,부경 경마장
70121,46915,보람,2021,7,김병학,부경 경마장
70224,46738,더빅샷,2021,11,김영민,부경 경마장
70143,46846,대성플라이,2021,28,하무선,부경 경마장
70194,46789,영광의프린스,2021,8,토마스,부경 경마장
70130,46692,닥터킹덤,2021,1,백광열,부경 경마장
70138,1411342,호호바,2021,32,임동창,부경 경마장
70180,46727,플라잉레이서,2021,15,안우성,부경 경마장
70127,46786,골든카우보이,2021,17,장세한,부경 경마장
70128,46732,러닝트리,2021,4,임금만,부경 경마장
70127,46638,엠비셔스걸,2021,17,장세한,부경 경마장
70186,52474,총알,2021,31,라이스,부경 경마장
70176,1412360,원로드,2021,6,구영준,부경 경마장
70156,47203,배틀크라이,2021,30,울즐리,부경 경마장
70223,1411514,화이트팰컨,2021,22,강은석,부경 경마장
70134,46808,비케이디도,2021,2,강형곤,부경 경마장
70129,46784,자이언트마린,2021,20,최기홍,부경 경마장
70126,46625,글로리크라운,2021,24,김길중,부경 경마장
70224,46827,그레이보스,2021,11,김영민,부경 경마장
70134,46766,비케이제나,2021,2,강형곤,부경 경마장
70128,46778,백투더챔피언,2021,4,임금만,부경 경마장
70125,46790,스카이질주,2021,9,양귀선,부경 경마장
70123,50446,금아리조이스,2021,19,김영관,부경 경마장
70223,47432,선더머신,2021,22,강은석,부경 경마장
70142,46913,글로벌태양,2021,26,방동석,부경 경마장
70226,46633,퍼펙트웨이,2021,13,박재호,부경 경마장
70130,1411885,차밍베스트,2021,1,백광열,부경 경마장
70223,1411564,다모아,2021,22,강은석,부경 경마장
70223,50163,라이트브라운,2021,22,강은석,부경 경마장
70126,50247,빛나는길,2021,24,김길중,부경 경마장
70128,46794,보리스마린,2021,4,임금만,부경 경마장
70123,46824,세븐드래곤,2021,19,김영관,부경 경마장
70156,47068,스트라이크존,2021,30,울즐리,부경 경마장
70223,46840,국대위풍,2021,22,강은석,부경 경마장
70143,1412311,브레이크아웃,2021,28,하무선,부경 경마장
70129,46883,킹스마린,2021,20,최기홍,부경 경마장
70180,47358,라온더레전드,2021,15,안우성,부경 경마장
70136,46830,빅보이,2021,21,민장기,부경 경마장
70186,46828,굿킹맨,2021,31,라이스,부경 경마장
70134,46928,드물어,2021,2,강형곤,부경 경마장
70173,47520,그레이트위너,2021,10,구민성,부경 경마장
70249,50303,웰컴백,2021,3,문현철,부경 경마장
70134,47230,마더로드,2021,2,강형곤,부경 경마장
70249,46747,드림트리,2021,3,문현철,부경 경마장
70134,50024,황요,2021,2,강형곤,부경 경마장
70086,46927,오섬선라이즈,2021,33,권승주,부경 경마장
70143,46868,케이에프퀸,2021,28,하무선,부경 경마장
70249,52252,라스트드래곤,2021,3,문현철,부경 경마장
70180,46951,라온더천하,2021,15,안우성,부경 경마장
70128,47069,컴스루,2021,4,임금만,부경 경마장
70126,47086,섀클존,2021,24,김길중,부경 경마장
70176,1411851,드림웨이,2021,6,구영준,부경 경마장
70194,46933,컬럼비아챔프,2021,8,토마스,부경 경마장
70086,46923,오텀브리즈,2021,33,권승주,부경 경마장
70223,46962,퀸즈로드,2021,22,강은석,부경 경마장
70123,1412365,비트드래곤,2021,19,김영관,부경 경마장
70223,46860,넘버원픽,2021,22,강은석,부경 경마장
70086,47278,빅터파티,2021,33,권승주,부경 경마장
70173,47515,서귀보름,2021,10,구민성,부경 경마장
70130,47285,닥터레오,2021,1,백광열,부경 경마장
70156,52497,바이스로열,2021,30,울즐리,부경 경마장
70126,47091,퀸앤드서브,2021,24,김길중,부경 경마장
70180,47062,플라잉더포드,2021,15,안우성,부경 경마장
70133,52433,서던슈퍼원,2021,14,윤영훈,부경 경마장
70128,47289,그랜드체이서,2021,4,임금만,부경 경마장
70130,46814,닥터리치,2021,1,백광열,부경 경마장
70129,47545,앨리스마린,2021,20,최기홍,부경 경마장
70180,46854,플라잉칸,2021,15,안우성,부경 경마장
70224,46816,아스트로킹,2021,11,김영민,부경 경마장
70224,46961,해운대선샤인,2021,11,김영민,부경 경마장
70086,46767,크리솔시에라,2021,33,권승주,부경 경마장
70176,47111,크리솔히어로,2021,6,구영준,부경 경마장
70134,47228,불의제왕,2021,2,강형곤,부경 경마장
70186,46997,컨트롤러,2021,31,라이스,부경 경마장
70086,46706,크리스모어,2021,33,권승주,부경 경마장
70142,47531,월드선더맨,2021,26,방동석,부경 경마장
70129,46775,블리스마린,2021,20,최기홍,부경 경마장
70128,47095,영광의클래스,2021,4,임금만,부경 경마장
70249,46735,로즈드래곤,2021,3,문현철,부경 경마장
70134,47310,투투머니건,2021,2,강형곤,부경 경마장
70134,50025,추이,2021,2,강형곤,부경 경마장
70249,47004,리버스톤,2021,3,문현철,부경 경마장
70134,46834,신천퍼스트,2021,2,강형곤,부경 경마장
70125,47309,베스트챔프,2021,9,양귀선,부경 경마장
70125,47308,하늘으뜸,2021,9,양귀선,부경 경마장
70127,46821,윈윈,2021,17,장세한,부경 경마장
70223,47126,아라누리,2021,22,강은석,부경 경마장
70141,47299,백두의꿈,2021,27,이상영,부경 경마장
70128,47096,판타스틱루비,2021,4,임금만,부경 경마장
70223,46906,상임스타,2021,22,강은석,부경 경마장
70125,47522,블랙스프링,2021,9,양귀선,부경 경마장
70121,47005,마이멜로디,2021,7,김병학,부경 경마장
70137,46705,쾌한영웅,2021,12,조용배,부경 경마장
70129,47293,케이원더우먼,2021,20,최기홍,부경 경마장
70223,47098,판타스틱필드,2021,22,강은석,부경 경마장
70143,47401,벌교사랑,2021,28,하무선,부경 경마장
70133,47013,국대히어로,2021,14,윤영훈,부경 경마장
70125,47129,하늘만점,2021,9,양귀선,부경 경마장
70126,47122,댄싱보이,2021,24,김길중,부경 경마장
70224,50480,포더굿타임,2021,11,김영민,부경 경마장
70130,52312,닥터브라운,2021,1,백광열,부경 경마장
70249,1411871,킹드래곤,2021,3,문현철,부경 경마장
70136,50245,석세스백파,2021,21,민장기,부경 경마장
70137,47420,배다리태양,2021,12,조용배,부경 경마장
70173,1412325,곤조하리,2021,10,구민성,부경 경마장
70125,1412307,킹파이터,2021,9,양귀선,부경 경마장
70125,47164,용비천왕,2021,9,양귀선,부경 경마장
70128,1412359,판타스틱드림,2021,4,임금만,부경 경마장
70133,47298,국대레전드,2021,14,윤영훈,부경 경마장
70127,1412347,스타대로,2021,17,장세한,부경 경마장
70125,47038,용비스타,2021,9,양귀선,부경 경마장
70086,47339,캡틴다이아,2021,33,권승주,부경 경마장
70194,47093,영광의로즈,2021,8,토마스,부경 경마장
70224,1412040,하비스트문,2021,11,김영민,부경 경마장
70130,47464,닥터캡틴,2021,1,백광열,부경 경마장
70186,47434,히트삭스,2021,31,라이스,부경 경마장
70132,1412043,희망가람,2021,18,이정표,부경 경마장
70130,47455,마운틴대디,2021,1,백광열,부경 경마장
70223,1412358,운주위너,2021,22,강은석,부경 경마장
70126,47337,파워풀대쉬,2021,24,김길중,부경 경마장
70130,47177,코이누르,2021,1,백광열,부경 경마장
70130,47113,스프릿파이터,2021,1,백광열,부경 경마장
70223,47445,퍼펙트액션,2021,22,강은석,부경 경마장
70194,47028,영광의글로리,2021,8,토마스,부경 경마장
70224,47456,다이아그릿,2021,11,김영민,부경 경마장
70128,1412052,아스틴마린,2021,4,임금만,부경 경마장
70224,47334,그레이트보이,2021,11,김영민,부경 경마장
70173,1412236,한강클래스,2021,10,구민성,부경 경마장
70142,47533,월드위너스맨,2021,26,방동석,부경 경마장
70249,47036,네버세이네버,2021,3,문현철,부경 경마장
970072,50104,투스텝삼바자마,2021,13,황영원,제주 목장
970072,50105,펠로스글로리자마,2021,13,황영원,제주 목장
970072,1412237,해광자마,2021,13,황영원,제주 목장
970072,1412242,부산의별자마,2021,13,황영원,제주 목장
970072,1412243,북새명가자마,2021,13,황영원,제주 목장
970072,1412245,프린세스섬자마,2021,13,황영원,제주 목장
970072,46697,계명의빛자마,2021,13,황영원,제주 목장
970072,1412338,천년나래자마,2021,13,황영원,제주 목장
970072,1412339,동서하늘자마,2021,13,황영원,제주 목장
970072,47440,머제스틱뷰티자마,2021,13,황영원,제주 목장
970072,47441,선가디스자마,2021,13,황영원,제주 목장
970072,47147,그레이스자마,2021,13,황영원,제주 목장
970072,46944,대호영웅,2021,13,황영원,제주 목장
970072,47166,싱그러운초원자마,2021,13,황영원,제주 목장
970072,46820,러브토어치자마,2021,13,황영원,제주 목장
970072,47133,올태피드인자마,2021,13,황영원,제주 목장
970072,46773,설트리조스키자마,2021,13,황영원,제주 목장
970072,47031,배다리콤보,2021,13,황영원,제주 목장
970072,46686,제라진자마,2021,13,황영원,제주 목장
970072,47266,국대미라클,2021,13,황영원,제주 목장
970072,1412246,레이즈미업자마,2021,13,황영원,제주 목장
970072,47365,스톰그릿,2021,13,황영원,제주 목장
970072,1411801,심플여걸,2021,13,황영원,제주 목장
970072,46718,패션,2021,13,황영원,제주 목장
970072,47412,국대스타,2021,13,황영원,제주 목장
970072,47114,대호프레데터,2021,13,황영원,제주 목장
970059,46862,황금성,2021,99,한국생협C,제주 목장
970059,52163,광열한자마,2021,99,한국생협C,제주 목장
970059,1411971,토피어리자마,2021,99,한국생협C,제주 목장
970059,50307,페퍼딘걸자마,2021,99,한국생협C,제주 목장
970059,47518,미스벨오즈테일자마,2021,99,한국생협C,제주 목장
970059,47423,쇼우타임자마,2021,99,한국생협C,제주 목장
970059,47552,행복거탑자마,2021,99,한국생협C,제주 목장
970059,1411562,킵고잉자마,2021,99,한국생협C,제주 목장
970059,47307,지봉사랑자마,2021,99,한국생협C,제주 목장
970059,50603,한림루비자마,2021,99,한국생협C,제주 목장
970059,1411893,부활의숨결자마,2021,99,한국생협C,제주 목장
970059,1411561,끝판고스트자마,2021,99,한국생협C,제주 목장
970059,1411574,블루하트,2021,99,한국생협C,제주 목장
970059,1411853,이니쉬에이트자마,2021,99,한국생협C,제주 목장
970059,1411854,육룡이자마,2021,99,한국생협C,제주 목장
970059,1411959,고투더발할라,2021,99,한국생협C,제주 목장
970059,1411973,스윕이지자마,2021,99,한국생협C,제주 목장
970059,47551,우승이지자마,2021,99,한국생협C,제주 목장
970059,46802,메니울프자마,2021,99,한국생협C,제주 목장
970059,47549,삼바페스티벌자마,2021,99,한국생협C,제주 목장
970059,51978,대산여제자마,2021,99,한국생협C,제주 목장
970059,51979,스피노자마,2021,99,한국생협C,제주 목장
970071,46743,메가폰Ⅱ자마,2021,77,한국생협B,제주 목장
970071,47509,윌링자마,2021,77,한국생협B,제주 목장
970071,47268,황금물결자마,2021,77,한국생협B,제주 목장
970071,47400,템파르니요자마,2021,77,한국생협B,제주 목장
970071,47344,마볼트자마,2021,77,한국생협B,제주 목장
970071,50255,필와츠리얼자마,2021,77,한국생협B,제주 목장
970071,46869,달빛질주자마,2021,99,한국생협B,제주 목장
970071,50268,한양의질주자마,2021,99,한국생협B,제주 목장
970038,46243,해랑여왕,2020,11,전기혁,제주 목장
970038,47274,레디나우자마,2021,11,전기혁,제주 목장
970038,45695,월드고,2020,11,전기혁,제주 목장
970038,52471,워존챔프자마,2021,11,전기혁,제주 목장
970038,42866,글로리송,2018,11,전기혁,제주 목장
970038,47542,가시공주자마,2021,11,전기혁,제주 목장
970038,46957,좋아라자마,2021,11,전기혁,제주 목장
970038,46998,벌마의몬스터,2021,11,전기혁,제주 목장
970038,46960,행복천사자마,2021,11,전기혁,제주 목장
970038,47437,인디언스타자마,2021,11,전기혁,제주 목장
970038,47181,팡팡가리자마,2021,11,전기혁,제주 목장
970038,47186,트룰레이드빌자마,2021,11,전기혁,제주 목장
970038,47466,차밍에이스,2021,11,전기혁,제주 목장
970038,50004,글라디우스,2021,11,전기혁,제주 목장
970038,47020,나이스타임,2021,11,전기혁,제주 목장
970038,47495,스마트어드바이스자마,2021,11,전기혁,제주 목장
970038,46792,뉴욕블루자마,2021,11,전기혁,제주 목장
970038,46635,토킨바우트자마,2021,11,전기혁,제주 목장
970042,50294,샤프레이디자마,2021,7,이재현,제주 목장
970042,47367,후즈퍼펙트자마,2021,7,이재현,제주 목장
970042,51570,오섬시머트리자마,2021,7,이재현,제주 목장
970042,47082,울트라망치,2021,7,이재현,제주 목장
970042,47055,볼케이노그릿,2021,7,이재현,제주 목장
970042,47484,프리릴리스자마,2021,7,이재현,제주 목장
970042,46866,한얼불패자마,2021,7,이재현,제주 목장
970042,47550,상상봉자마,2021,7,이재현,제주 목장
970042,50288,그레이트레드뷰티자마,2021,7,이재현,제주 목장
970042,46848,레이저그릿,2021,7,이재현,제주 목장
970042,47506,트로피웨어,2021,7,이재현,제주 목장
970042,46689,레디포코트자마,2021,7,이재현,제주 목장
970042,46788,으라차차,2021,7,이재현,제주 목장
970042,46771,태후의날개자마,2021,7,이재현,제주 목장
970042,47471,플랜스투프로스퍼자마,2021,7,이재현,제주 목장
970042,47297,지봉블루자마,2021,7,이재현,제주 목장
970042,47467,라이트유어월드자마,2021,7,이재현,제주 목장
970042,46777,프라우드오브마이자마,2021,7,이재현,제주 목장
970042,46745,플래시미스자마,2021,7,이재현,제주 목장
970042,1411502,러닝위저드,2021,7,이재현,제주 목장
970042,47131,런투마마자마,2021,7,이재현,제주 목장
970042,46981,사려니포아너,2021,7,이재현,제주 목장
970042,47000,금세,2021,7,이재현,제주 목장
970042,1412047,카우아이콜즈자마,2021,7,이재현,제주 목장
970042,1411530,포텐셜자마,2021,7,이재현,제주 목장
970005,47012,샤이닝퓨처자마,2021,12,이경하,제주 목장
970005,45760,마하여제,2020,12,이경하,제주 목장
970005,45749,스토밍매직,2020,12,이경하,제주 목장
970005,47190,매글레브자마,2021,12,이경하,제주 목장
970005,47100,승리의함성자마,2021,12,이경하,제주 목장
970005,46881,헤이고져스자마,2021,12,이경하,제주 목장
970005,46879,스테인드글라스자마,2021,12,이경하,제주 목장
970005,46770,엘리간트원자마,2021,12,이경하,제주 목장
970005,1412327,조이오브캡틴자마,2021,12,이경하,제주 목장
970005,1412329,뷰티풀진주자마,2021,12,이경하,제주 목장
970005,47429,풀문파티자마,2021,12,이경하,제주 목장
970005,1412348,슈퍼라이언자마,2021,12,이경하,제주 목장
970005,46277,은성여왕,2020,12,이경하,제주 목장
970005,47491,예그리나자마,2021,12,이경하,제주 목장
970005,47534,스페시픽히트자마,2021,12,이경하,제주 목장
970005,46930,라이트마이월드자마,2021,12,이경하,제주 목장
970005,1412322,고운짓자마,2021,12,이경하,제주 목장
970005,47051,로코모션자마,2021,12,이경하,제주 목장
970005,1412045,환희시대,2021,12,이경하,제주 목장
970005,47279,타피즈드림자마,2021,12,이경하,제주 목장
970005,47161,빅모어,2021,12,이경하,제주 목장
970005,1412330,패션플레이어자마,2021,12,이경하,제주 목장
970005,1412323,트라움킹,2021,12,이경하,제주 목장
970005,47075,쇼킹데이자마,2021,12,이경하,제주 목장
970016,47558,원더라이트자마,2021,1,홍성호,장수 목장
970016,46795,금악다이아,2021,1,홍성호,장수 목장
970016,46583,성불오름자마,2021,1,홍성호,장수 목장
970016,47128,기쁨누리자마,2021,1,홍성호,장수 목장
970016,46905,신천여걸자마,2021,1,홍성호,장수 목장
970016,47292,금악진주,2021,1,홍성호,장수 목장
970016,1412127,섀클포인트,2021,1,홍성호,장수 목장
970016,46993,마이칸,2021,1,홍성호,장수 목장
970016,46844,스마트월드,2021,1,홍성호,장수 목장
970016,50078,머니트리자마,2021,1,홍성호,장수 목장
970016,40539,터치스타맨,2017,1,홍성호,장수 목장
970016,47468,실리자마,2021,1,홍성호,장수 목장
970016,47243,원더드리머자마,2021,1,홍성호,장수 목장
970016,47560,하이콸러티자마,2021,1,홍성호,장수 목장
970016,46959,랩터코어자마,2021,1,홍성호,장수 목장
970016,47130,쏘아라여왕자마,2021,1,홍성호,장수 목장
970016,46798,파워트라이,2021,1,홍성호,장수 목장
970016,47188,라스트코디자마,2021,1,홍성호,장수 목장
970016,47446,송버드투자마,2021,1,홍성호,장수 목장
970016,46945,새로운가이,2021,1,홍성호,장수 목장
970016,47149,금악이글,2021,1,홍성호,장수 목장
970016,46804,금악명장,2021,1,홍성호,장수 목장
970016,46724,청해제일,2021,1,홍성호,장수 목장
970016,47175,누비퀸자마,2021,1,홍성호,장수 목장
970016,46659,아르고가이,2021,1,홍성호,장수 목장
970069,45922,플라잉점프,2020,2,최종필,장수 목장
970069,51892,용두성자마,2022,2,최종필,장수 목장
970069,51369,우주대왕자마,2022,2,최종필,장수 목장
970069,47442,예스트라이크자마,2021,2,최종필,장수 목장
970069,50299,어메이징스피드자마,2021,2,최종필,장수 목장
970069,46578,멀티럭자마,2021,2,최종필,장수 목장
970069,44373,내길의별,2019,2,최종필,장수 목장
970069,42279,스피드매치,2018,2,최종필,장수 목장
970069,45393,고스트울프,2020,2,최종필,장수 목장
970069,52514,봉화스테이,2021,2,최종필,장수 목장
970069,45834,플라잉다이아,2020,2,최종필,장수 목장
970069,1412361,해피송암자마,2021,2,최종필,장수 목장
970069,47316,플라잉홀리,2021,2,최종필,장수 목장
970069,47030,인디언체로키자마,2021,2,최종필,장수 목장
970005,1412326,탱고앤탱고자마,2021,12,이경하,제주 목장
970005,1412328,섀넌스데뷔자마,2021,12,이경하,제주 목장
970060,47214,베스트대로,2021,6,윤대근,제주 목장
970060,46873,바람꽃자마,2021,6,윤대근,제주 목장
970060,46708,금희자마,2021,6,윤대근,제주 목장
970060,47117,뷰포인트자마,2021,6,윤대근,제주 목장
970060,47018,스톰커밍자마,2021,6,윤대근,제주 목장
970060,47189,레이디즈게임자마,2021,6,윤대근,제주 목장
970060,47184,픽셔널리티자마,2021,6,윤대근,제주 목장
970060,47183,퍼스트워리어자마,2021,6,윤대근,제주 목장
970060,47425,레모니자마,2021,6,윤대근,제주 목장
970060,47494,브라이트카이,2021,6,윤대근,제주 목장
970060,46870,레벨프라이드자마,2021,6,윤대근,제주 목장
970060,1412300,영화처럼자마,2021,6,윤대근,제주 목장
970060,47209,스마트알파,2021,6,윤대근,제주 목장
970060,46658,캡틴뮤직,2021,6,윤대근,제주 목장
970060,46966,애플비가든즈자마,2021,6,윤대근,제주 목장
970060,1412125,리걸라희,2021,6,윤대근,제주 목장
970060,47399,스마트노션,2021,6,윤대근,제주 목장
970060,47435,다이아몬드브리나자마,2021,6,윤대근,제주 목장
970060,47426,서스테인,2021,6,윤대근,제주 목장
970060,46809,매드파워자마,2021,6,윤대근,제주 목장
970060,47427,로열베스트,2021,6,윤대근,제주 목장
970060,47168,눈부신길,2021,6,윤대근,제주 목장
970060,47237,러너웨이랜섬자마,2021,6,윤대근,제주 목장
970060,47112,소우전러브자마,2021,6,윤대근,제주 목장
970060,47472,발할라,2021,6,윤대근,제주 목장
970060,47492,굿대디,2021,6,윤대근,제주 목장
970060,47524,어메이징컬린,2021,6,윤대근,제주 목장
970060,46887,드림레이스,2021,6,윤대근,제주 목장
970060,46577,굿선봉,2021,6,윤대근,제주 목장
970050,47511,인비엑티브자마,2021,8,양승희,제주 목장
970050,47157,희망북소리자마,2021,8,양승희,제주 목장
970050,1412335,스틸앤아이스자마,2021,8,양승희,제주 목장
970069,47272,오크리지,2021,2,최종필,장수 목장
970069,46806,캔디아이자마,2021,2,최종필,장수 목장
970069,47547,터프한걸자마,2021,2,최종필,장수 목장
970069,47479,지미슈가자마,2021,2,최종필,장수 목장
970069,50297,맥스위크,2021,2,최종필,장수 목장
970069,1412238,맥스더드래건,2021,2,최종필,장수 목장
970069,47077,플라잉더럭키,2021,2,최종필,장수 목장
970069,46812,플라잉베이비,2021,2,최종필,장수 목장
970069,1411931,참좋은인연,2021,2,최종필,장수 목장
970069,46575,내길의스타,2021,2,최종필,장수 목장
970069,46888,대효자마,2021,2,최종필,장수 목장
970069,47331,내길의위너,2021,2,최종필,장수 목장
970069,47102,디너앳나나스자마,2021,2,최종필,장수 목장
970069,52215,라이런자마,2021,2,최종필,장수 목장
970069,1412046,플라잉아이스,2021,2,최종필,장수 목장
970069,46864,캡처,2021,2,최종필,장수 목장
970069,1412309,플라잉글로우,2021,2,최종필,장수 목장
970069,50290,플라잉커맨드,2021,2,최종필,장수 목장
970069,50300,플라잉라이언,2021,2,최종필,장수 목장
970069,47217,제이원자마,2021,2,최종필,장수 목장
970069,47301,파이드어테어자마,2021,2,최종필,장수 목장
970050,47556,라온미라클자마,2021,8,양승희,제주 목장
970050,46673,러브스칼렛,2021,8,양승희,제주 목장
970050,47226,싱가포르드림자마,2021,8,양승희,제주 목장
970050,47155,이스트걸치자마,2021,8,양승희,제주 목장
970050,47065,큐피드미르,2021,8,양승희,제주 목장
970050,46626,아이리스자마,2021,8,양승희,제주 목장
970050,47384,오스틴자마,2021,8,양승희,제주 목장
970050,1411958,컬링자마,2021,8,양승희,제주 목장
970050,1412337,스페셜레드자마,2021,8,양승희,제주 목장
970050,47156,컨셉리처블자마,2021,8,양승희,제주 목장
970050,47080,섀도헌터,2021,8,양승희,제주 목장
970050,46884,지유사랑,2021,8,양승희,제주 목장
970050,47504,조은친구,2021,8,양승희,제주 목장
970050,51587,비에스파워,2020,8,양승희,제주 목장
970050,51854,인디언명운자마,2021,8,양승희,제주 목장
970050,46901,광야일출자마,2021,8,양승희,제주 목장
970050,47034,모스코드마마자마,2021,8,양승희,제주 목장
970050,46855,우리가,2021,8,양승희,제주 목장
970050,47071,주링허우자마,2021,8,양승희,제주 목장
970050,46650,물보라자마,2021,8,양승희,제주 목장
970050,47332,굿루루자마,2021,8,양승희,제주 목장
970050,47424,예원케이자마,2021,8,양승희,제주 목장
970050,1411965,엠케이스타,2021,8,양승희,제주 목장
970050,46904,슈퍼플랙스자마,2021,8,양승희,제주 목장
970050,52332,새내히트,2021,8,양승희,제주 목장
970050,47027,가문여장군자마,2021,8,양승희,제주 목장
970050,46892,웨이팅포아스파크자마,2021,8,양승희,제주 목장
970050,47335,콘퀘스트릴미스자마,2021,8,양승희,제주 목장
970050,47333,새시아그네스자마,2021,8,양승희,제주 목장
970050,46672,강남불청객,2021,8,양승희,제주 목장
970006,46970,새로운미션자마,2021,10,김영주,제주 목장
970006,47360,스톰라이더자마,2021,10,김영주,제주 목장
970006,47320,매직파티자마,2021,10,김영주,제주 목장
970069,46952,금아디스팅션,2021,2,최종필,장수 목장
970069,45213,골든벼락,2018,2,최종필,장수 목장
970069,47185,러브오마인,2021,2,최종필,장수 목장
970068,45993,그린레전드,2020,3,조근원,장수 목장
970068,47196,슈가캐인로열티자마,2021,3,조근원,장수 목장
970068,47477,엔들리스헤로인자마,2021,3,조근원,장수 목장
970068,45459,드래건킹,2018,3,조근원,장수 목장
970068,46890,브라운걸자마,2021,3,조근원,장수 목장
970068,47194,라이드더월드자마,2021,3,조근원,장수 목장
970068,46996,마야엘리자베스자마,2021,3,조근원,장수 목장
970068,47003,홀리워크자마,2021,3,조근원,장수 목장
970068,47554,티즈더패션,2021,3,조근원,장수 목장
970068,47132,골드시대,2021,3,조근원,장수 목장
970068,46874,스위트시즐자마,2021,3,조근원,장수 목장
970068,46898,스페셜킹덤자마,2021,3,조근원,장수 목장
970068,46899,다나은렉스,2021,3,조근원,장수 목장
970068,47197,시크릿랩소디자마,2021,3,조근원,장수 목장
970068,46911,브라이트한센,2021,3,조근원,장수 목장
970068,47201,티즈벗어드림자마,2021,3,조근원,장수 목장
970068,52626,에클레어드림자마,2021,3,조근원,장수 목장
970068,46876,코리아넘버원자마,2021,3,조근원,장수 목장
970068,1411596,플라잉라푼젤자마,2021,3,조근원,장수 목장
970068,46568,송암론다도르자마,2021,3,조근원,장수 목장
970068,46567,선기어자마,2021,3,조근원,장수 목장
970068,46818,행복을찾아자마,2021,3,조근원,장수 목장
970068,47474,라데아자마,2021,3,조근원,장수 목장
970068,47476,메릴즈스피릿자마,2021,3,조근원,장수 목장
970068,46938,원더풀리어,2021,3,조근원,장수 목장
970068,47125,삭스왕,2021,3,조근원,장수 목장
970068,1412177,골드플라잉자마,2021,3,조근원,장수 목장
970068,47198,성실파워,2021,3,조근원,장수 목장
970068,47134,코즈투셀러브레트자마,2021,3,조근원,장수 목장
970068,46653,러블리누트자마,2021,3,조근원,장수 목장
970068,46875,최강골드,2021,3,조근원,장수 목장
970068,47073,최강타임,2021,3,조근원,장수 목장
970054,43997,나올영웅,2019,4,이상근,장수 목장
970054,42958,여수토네이도,2018,4,이상근,장수 목장
970054,45840,나올정상,2020,4,이상근,장수 목장
970054,45477,나올골드,2020,4,이상근,장수 목장
970006,47148,로드힐자마,2021,10,김영주,제주 목장
970006,1411751,글로벌퀸자마,2021,10,김영주,제주 목장
970006,1412346,미스메리케이자마,2021,10,김영주,제주 목장
970006,1412324,해피한걸자마,2021,10,김영주,제주 목장
970006,46903,북대풍자마,2021,10,김영주,제주 목장
970006,46902,돌풍질주자마,2021,10,김영주,제주 목장
970006,47450,풀드여자마,2021,10,김영주,제주 목장
970006,50602,맥스킹덤,2021,10,김영주,제주 목장
970006,47019,온누리특급,2021,10,김영주,제주 목장
970006,47462,왕초,2021,10,김영주,제주 목장
970006,46805,째즈먼자마,2021,10,김영주,제주 목장
970006,46894,깊은탄력자마,2021,10,김영주,제주 목장
970006,47559,매직텐자마,2021,10,김영주,제주 목장
970006,47361,신청춘자마,2021,10,김영주,제주 목장
970006,47222,댄싱강자,2021,10,김영주,제주 목장
970006,1412044,맥스에어리얼,2021,10,김영주,제주 목장
970006,47359,선스마트자마,2021,10,김영주,제주 목장
970006,47079,쾌도신화자마,2021,10,김영주,제주 목장
970006,46963,참좋은질주,2021,10,김영주,제주 목장
970006,46652,렉스킹,2021,10,김영주,제주 목장
970047,1412366,태풍돌파자마,2021,9,김경남,제주 목장
970047,46730,그레이삭스자마,2021,9,김경남,제주 목장
970047,46740,시어리어슬리자마,2021,9,김경남,제주 목장
970047,46737,제니천왕자마,2021,9,김경남,제주 목장
970047,47097,영광빅토리자마,2021,9,김경남,제주 목장
970054,46628,차이밍런,2021,4,이상근,장수 목장
970054,45933,해랑골드바,2020,4,이상근,장수 목장
970054,45833,하이웨이스타,2020,4,이상근,장수 목장
970054,52164,산이슬자마,2022,4,이상근,장수 목장
970054,47305,마루스타,2021,4,이상근,장수 목장
970054,47403,최대풍속자마,2021,4,이상근,장수 목장
970054,1412051,퀸아비게일,2021,4,이상근,장수 목장
970054,46985,그레이스라이크레자마,2021,4,이상근,장수 목장
970054,1412306,산삼은함양,2021,4,이상근,장수 목장
970054,47430,뷰티이천자마,2021,4,이상근,장수 목장
970054,47431,퀘스트포석세스자마,2021,4,이상근,장수 목장
970054,45356,핫플렉스,2020,4,이상근,장수 목장
970054,47340,브레이브루키,2021,4,이상근,장수 목장
970054,1412208,런와일드,2021,4,이상근,장수 목장
970054,47346,스파크러너,2021,4,이상근,장수 목장
970054,47342,플레임퀸,2021,4,이상근,장수 목장
970054,47341,점보로켓,2021,4,이상근,장수 목장
970054,47336,브라이트디바,2021,4,이상근,장수 목장
970054,46636,섀도나이트,2021,4,이상근,장수 목장
970054,46922,러프트레이서,2021,4,이상근,장수 목장
970054,46924,러닝아티스트,2021,4,이상근,장수 목장
970054,46925,프라우드로즈,2021,4,이상근,장수 목장
970054,46926,샤인포레스트,2021,4,이상근,장수 목장
970054,46637,홀리윙즈,2021,4,이상근,장수 목장
970054,1412241,제일이야,2021,4,이상근,장수 목장
970061,51916,소니퀸이지,2020,5,고명주,장수 목장
970061,46781,슬램드래곤,2021,5,고명주,장수 목장
970061,47512,헌터드래곤,2021,5,고명주,장수 목장
970061,50165,폭주드래곤,2021,5,고명주,장수 목장
970047,47414,셀본자마,2021,9,김경남,제주 목장
970047,47405,페티코트데이자마,2021,9,김경남,제주 목장
970047,47397,런키튼런자마,2021,9,김경남,제주 목장
970047,50264,금순이엄지자마,2021,9,김경남,제주 목장
970047,47539,순천그레이,2021,9,김경남,제주 목장
970047,47555,암어자이언트스타자마,2021,9,김경남,제주 목장
970047,47145,메니타운십자마,2021,9,김경남,제주 목장
970047,47144,마이일루시브드림자마,2021,9,김경남,제주 목장
970047,47231,주말파티자마,2021,9,김경남,제주 목장
970047,46765,뮤지컬무드자마,2021,9,김경남,제주 목장
970047,47118,버클버니베이브자마,2021,9,김경남,제주 목장
970047,46796,유로파이터자마,2021,9,김경남,제주 목장
970047,47270,굿투유자마,2021,9,김경남,제주 목장
970047,47473,스피닝얀자마,2021,9,김경남,제주 목장
970047,47001,최고야최고자마,2021,9,김경남,제주 목장
970047,47395,매직플레저,2021,9,김경남,제주 목장
970047,47396,미스콩코드,2021,9,김경남,제주 목장
970047,47451,매직사일런스,2021,9,김경남,제주 목장
970047,47452,우아센,2021,9,김경남,제주 목장
970047,47453,매직마제스티,2021,9,김경남,제주 목장
970047,46642,매직사운드,2021,9,김경남,제주 목장
970047,46950,바다새자마,2021,9,김경남,제주 목장
970047,46992,온누리제왕,2021,9,김경남,제주 목장
970047,47236,백투더헌터,2021,9,김경남,제주 목장
970047,47241,스피드히어로,2021,9,김경남,제주 목장
970047,1412239,스카이영웅,2021,9,김경남,제주 목장
970047,46787,영광의키스자마,2021,9,김경남,제주 목장
970047,47295,아잔타,2021,9,김경남,제주 목장
970047,47146,제축이호,2021,9,김경남,제주 목장
970061,50166,드래곤파이어,2021,5,고명주,장수 목장
970061,50167,워터드래곤,2021,5,고명주,장수 목장
970061,43885,장산포이즌,2019,5,고명주,장수 목장
970061,50319,이터널저니자마,2021,5,고명주,장수 목장
970061,50169,퀸오브드래곤,2021,5,고명주,장수 목장
970061,46629,캠핑포인트자마,2021,5,고명주,장수 목장
970061,52434,스카이로호,2021,5,고명주,장수 목장
970061,45238,짜릿한자유,2020,5,고명주,장수 목장
970061,1411946,드래곤킹덤,2021,5,고명주,장수 목장
970061,47060,리워드하이자마,2021,5,고명주,장수 목장
970061,47513,판타스틱걸자마,2021,5,고명주,장수 목장
970061,45667,킹오브더매치,2018,5,고명주,장수 목장
970061,45523,레몬도끼,2020,5,고명주,장수 목장
970061,46774,스마트퀸자마,2021,5,고명주,장수 목장
970061,1412181,천하사랑,2021,5,고명주,장수 목장
970061,50110,달려라레오자마,2021,5,고명주,장수 목장
970061,47315,드래곤판타지,2021,5,고명주,장수 목장
970061,46750,러닝매지션,2021,5,고명주,장수 목장
970061,47457,몬스터드래곤,2021,5,고명주,장수 목장
970061,47035,스라이빙자마,2021,5,고명주,장수 목장
970061,52420,드래곤불패,2021,5,고명주,장수 목장
970061,52423,원더드래곤,2021,5,고명주,장수 목장
970061,47350,월드드래곤,2021,5,고명주,장수 목장
970061,1412179,브라운팰컨,2021,5,고명주,장수 목장
970061,47478,금아프리시드,2021,5,고명주,장수 목장
970061,47368,큐피드라이즈,2021,5,고명주,장수 목장
970061,47418,레몬드래곤,2021,5,고명주,장수 목장
970061,46880,드래곤펀치,2021,5,고명주,장수 목장
970061,47318,브리도펠,2021,5,고명주,장수 목장
970061,46783,드래곤스퀘어,2021,5,고명주,장수 목장
970019,45065,에이스킬러,2018,6,박복규,장수 목장
970019,46741,컴플리트파티,2021,6,박복규,장수 목장
970019,42869,홀리데이참,2018,6,박복규,장수 목장
970019,47449,루너룰러자마,2021,6,박복규,장수 목장
970019,47490,어웨이큰포스,2021,6,박복규,장수 목장
970019,47488,트러블메이커,2021,6,박복규,장수 목장
970019,47485,굿투비위드유,2021,6,박복규,장수 목장
970019,1411984,싱크오어스윔자마,2021,6,박복규,장수 목장
970019,47402,대승리자,2021,6,박복규,장수 목장
970019,1412048,빈체로카발로,2021,6,박복규,장수 목장
970019,47159,스트리트어브피스자마,2021,6,박복규,장수 목장
970019,1412144,불의통치,2021,6,박복규,장수 목장
970019,1412143,마더원더풀,2021,6,박복규,장수 목장
970019,1411565,마더트레저,2021,6,박복규,장수 목장
970019,47229,불의노래,2021,6,박복규,장수 목장
970019,47227,마하맨,2021,6,박복규,장수 목장
970019,47242,오렌지스톰자마,2021,6,박복규,장수 목장
970065,46841,골드패션자마,2021,7,전호용,장수 목장
970065,47523,퍼리지안자마,2021,7,전호용,장수 목장
970065,47287,월드피스자마,2021,7,전호용,장수 목장
970065,45409,런던비상,2020,7,전호용,장수 목장
970065,1412363,일동박수,2020,7,전호용,장수 목장
970065,46136,마이티탭,2020,7,전호용,장수 목장
970065,44399,대물,2019,7,전호용,장수 목장
970065,52475,최고의꿈,2021,7,전호용,장수 목장
970065,45339,파이널축제,2020,7,전호용,장수 목장
970065,47180,더퀸실버자마,2021,7,전호용,장수 목장
970065,1412334,레이디하나비,2021,7,전호용,장수 목장
970065,47212,아씨장군,2021,7,전호용,장수 목장
970065,47206,선더스피드,2021,7,전호용,장수 목장
970065,1412353,선양퀸자마,2021,7,전호용,장수 목장
970065,46807,라인잇업자마,2021,7,전호용,장수 목장
970065,47306,허리케인점프자마,2021,7,전호용,장수 목장
970065,47303,어너러리갤럽자마,2021,7,전호용,장수 목장
970065,47116,로렌브레이자마,2021,7,전호용,장수 목장
970065,47459,윌투샤인자마,2021,7,전호용,장수 목장
970065,47413,나라올라,2021,7,전호용,장수 목장
970065,51133,논스톱여왕,2021,7,전호용,장수 목장
970065,47029,원평강자,2021,7,전호용,장수 목장
970065,1411750,새내아디라,2021,7,전호용,장수 목장
970065,47121,프레시맨,2021,7,전호용,장수 목장
970065,46956,에이토스트투올자마,2021,7,전호용,장수 목장
970065,45854,다산질주,2020,7,전호용,장수 목장
970065,42397,런던액티브,2018,7,전호용,장수 목장
970065,50061,히어로질주,2021,7,전호용,장수 목장
970065,50220,런던골드,2021,7,전호용,장수 목장
970064,50291,아이엠드리머,2021,8,박승호,장수 목장
970064,50310,아비치자마,2021,8,박승호,장수 목장
970064,44778,선샤인스타,2019,8,박승호,장수 목장
970064,44138,금성크라운,2019,8,박승호,장수 목장
970064,38733,루킹굿,2016,8,박승호,장수 목장
970064,46182,닥터위키,2020,8,박승호,장수 목장
970064,45440,미스터웰링턴,2020,8,박승호,장수 목장
970064,52509,삭스킹,2021,8,박승호,장수 목장
970064,45383,석세스모카,2020,8,박승호,장수 목장
970064,46002,다함께달리자,2020,8,박승호,장수 목장
970064,45595,매직콘서트,2020,8,박승호,장수 목장
970064,53124,매직소드,2021,8,박승호,장수 목장
970064,46238,닥터리카,2020,8,박승호,장수 목장
970064,50306,퀸엘레강스자마,2021,8,박승호,장수 목장
970064,46946,스트리트골드자마,2021,8,박승호,장수 목장
970064,47417,임패션드댄서자마,2021,8,박승호,장수 목장
970064,50293,드리밍보이,2021,8,박승호,장수 목장
970064,1411930,판타지스타,2021,8,박승호,장수 목장
970064,46723,더로열자마,2021,8,박승호,장수 목장
970064,1411887,크리에이트자마,2021,8,박승호,장수 목장
970064,46717,아카펠,2021,8,박승호,장수 목장
970064,47025,비트영웅,2021,8,박승호,장수 목장
970064,47067,운주레전드,2021,8,박승호,장수 목장
970064,47179,운주톱,2021,8,박승호,장수 목장
970064,43858,아델로사리오,2019,8,박승호,장수 목장
970064,50311,러빙보이,2021,8,박승호,장수 목장
970064,47313,원스헤이데이,2021,8,박승호,장수 목장
970064,45991,닥터넥스트,2020,8,박승호,장수 목장
970064,47546,텐그레,2021,8,박승호,장수 목장
970064,50308,비긴해피니스,2021,8,박승호,장수 목장
970064,50304,굿투시유,2021,8,박승호,장수 목장
970064,47505,오늘이순간,2021,8,박승호,장수 목장
970064,47137,오션원탑,2021,8,박승호,장수 목장
970064,52498,스포르차,2021,8,박승호,장수 목장
970064,46733,남산미남,2021,8,박승호,장수 목장
970064,47521,운주천하,2021,8,박승호,장수 목장
970064,47314,인피니트아너,2021,8,박승호,장수 목장
970064,51051,터보타임,2021,8,박승호,장수 목장
970064,47366,오픈스카이,2021,8,박승호,장수 목장
970074,46704,핫슈거베이브자마,2021,9,서보엽,장수 목장
970074,45132,마이티팝,2018,9,서보엽,장수 목장
970074,52002,마이티쇼,2020,9,서보엽,장수 목장
970074,47312,금아브리스크,2021,9,서보엽,장수 목장
970074,1412182,나탈리비치자마,2021,9,서보엽,장수 목장
970074,45530,그레이트미스,2020,9,서보엽,장수 목장
970074,47026,그레이퀸,2021,9,서보엽,장수 목장
970074,47349,벨로테로,2021,9,서보엽,장수 목장
970074,1411563,하이챔프,2021,9,서보엽,장수 목장
970074,47224,하이위너,2021,9,서보엽,장수 목장
970074,47052,하이레전드,2021,9,서보엽,장수 목장
970074,47223,레인스터레이디자마,2021,9,서보엽,장수 목장
970074,43582,마이티고,2017,9,서보엽,장수 목장
970074,47415,쉬저스트마이트자마,2021,9,서보엽,장수 목장
970074,47199,그레이트맨,2021,9,서보엽,장수 목장
970074,46917,쿨리자마,2021,9,서보엽,장수 목장
970074,45879,마이티쎈,2020,9,서보엽,장수 목장
970074,1412355,드림타임,2021,9,서보엽,장수 목장
970074,47302,이클립스아너,2021,9,서보엽,장수 목장
970074,45861,뉴커넥트,2020,9,서보엽,장수 목장
970074,41899,마이티수,2017,9,서보엽,장수 목장
970010,46838,스페셜파워자마,2021,10,김용선,장수 목장
970010,47037,브라이디즈프롤릭자마,2021,10,김용선,장수 목장
970010,47255,퀸크릭캣자마,2021,10,김용선,장수 목장
970010,47267,마이다이너스티자마,2021,10,김용선,장수 목장
970010,1412176,블랙팰컨,2021,10,김용선,장수 목장
970010,43846,컴플리트웨펀,2019,10,김용선,장수 목장
970010,47326,비케이렉스,2021,10,김용선,장수 목장
970010,52216,미스터캐슬,2021,10,김용선,장수 목장
970010,47192,미스킥자마,2021,10,김용선,장수 목장
970010,43780,황우강자,2019,10,김용선,장수 목장
970010,46080,더히트,2020,10,김용선,장수 목장
970010,47244,토카르마데라자마,2021,10,김용선,장수 목장
970010,47218,몰리조던자마,2021,10,김용선,장수 목장
970010,47363,담양공주자마,2021,10,김용선,장수 목장
970010,47089,불의제국,2021,10,김용선,장수 목장
970010,47074,금아고스트자마,2021,10,김용선,장수 목장
970010,1411818,리틀미스플러리자마,2021,10,김용선,장수 목장
970010,47347,동남대로자마,2021,10,김용선,장수 목장
970010,46746,누리의빛자마,2021,10,김용선,장수 목장
970010,1412354,파티나자마,2021,10,김용선,장수 목장
970010,47317,불의전사,2021,10,김용선,장수 목장
970010,1411620,어리틀포크자마,2021,10,김용선,장수 목장
970010,47380,스위트록자마,2021,10,김용선,장수 목장
970010,51482,그린치프,2020,10,김용선,장수 목장
970010,47519,스콜피온퀸,2021,10,김용선,장수 목장
970010,47105,오짱,2021,10,김용선,장수 목장
970010,47107,오위대한,2021,10,김용선,장수 목장
970010,47169,허니캠프자마,2021,10,김용선,장수 목장
970010,47163,투투선더,2021,10,김용선,장수 목장
970010,47119,케이비스킬스,2021,10,김용선,장수 목장
970010,51773,대압승자마,2021,10,김용선,장수 목장
970010,1412332,비케이워리어,2021,10,김용선,장수 목장
970010,47258,승리스타자마,2021,10,김용선,장수 목장
970010,46751,한강주얼리,2021,10,김용선,장수 목장
970010,47108,미스터파워,2021,10,김용선,장수 목장
970010,47463,비케이벨,2021,10,김용선,장수 목장
970010,47321,용비수,2021,10,김용선,장수 목장
970010,46842,은파조이,2021,10,김용선,장수 목장
970010,46799,뉴파트너자마,2021,10,김용선,장수 목장
